-- MySQL dump 10.13  Distrib 5.7.30, for Linux (x86_64)
--
-- Host: localhost    Database: piba
-- ------------------------------------------------------
-- Server version	5.7.30-0ubuntu0.18.04.1

/*!40101 SET @OLD_CHARACTER_SET_CLIENT=@@CHARACTER_SET_CLIENT */;
/*!40101 SET @OLD_CHARACTER_SET_RESULTS=@@CHARACTER_SET_RESULTS */;
/*!40101 SET @OLD_COLLATION_CONNECTION=@@COLLATION_CONNECTION */;
/*!40101 SET NAMES utf8 */;
/*!40103 SET @OLD_TIME_ZONE=@@TIME_ZONE */;
/*!40103 SET TIME_ZONE='+00:00' */;
/*!40014 SET @OLD_UNIQUE_CHECKS=@@UNIQUE_CHECKS, UNIQUE_CHECKS=0 */;
/*!40014 SET @OLD_FOREIGN_KEY_CHECKS=@@FOREIGN_KEY_CHECKS, FOREIGN_KEY_CHECKS=0 */;
/*!40101 SET @OLD_SQL_MODE=@@SQL_MODE, SQL_MODE='NO_AUTO_VALUE_ON_ZERO' */;
/*!40111 SET @OLD_SQL_NOTES=@@SQL_NOTES, SQL_NOTES=0 */;

--
-- Table structure for table `exploration`
--

DROP TABLE IF EXISTS `exploration`;
/*!40101 SET @saved_cs_client     = @@character_set_client */;
/*!40101 SET character_set_client = utf8 */;
CREATE TABLE `exploration` (
  `id` varchar(255) NOT NULL,
  `creation_date` datetime DEFAULT NULL,
  `date` datetime NOT NULL,
  `location` varchar(255) NOT NULL,
  `patient_id` varchar(255) DEFAULT NULL,
  `title` varchar(255) NOT NULL,
  `confirmed` bit(1) DEFAULT b'0',
  `update_date` datetime(3) DEFAULT NULL,
  PRIMARY KEY (`id`),
  UNIQUE KEY `UK_o3ytwwkm706hwu5cnmxwb61s7` (`title`),
  KEY `FKnjhxl3llmjfe4y0tr39jpoxyk` (`patient_id`),
  CONSTRAINT `FKnjhxl3llmjfe4y0tr39jpoxyk` FOREIGN KEY (`patient_id`) REFERENCES `patient` (`id`)
) ENGINE=InnoDB DEFAULT CHARSET=latin1;
/*!40101 SET character_set_client = @saved_cs_client */;

--
-- Dumping data for table `exploration`
--

LOCK TABLES `exploration` WRITE;
/*!40000 ALTER TABLE `exploration` DISABLE KEYS */;
INSERT INTO `exploration` VALUES ('04266557-2a05-4e89-9867-ab2ab078db65','2019-01-15 14:55:43','2018-12-12 23:00:00','CHUO','75d44621-9342-4be7-b6fe-bf5849d6f80c','POLYDEEP 142',_binary '\0','2020-02-24 17:21:58.000'),('137bb13e-f3f4-4d6d-8a0e-ddd77f335a86','2019-09-27 14:57:46','2019-09-24 22:00:00','CHUO','e58274d8-f0da-49c8-9989-8a6a5740790c','POLYDEEP 347',_binary '\0','2020-02-24 17:21:58.000'),('2f9ffde5-0c00-445c-8e47-bde2209b326c','2019-02-21 09:06:14','2019-02-19 23:00:00','CHUO','bcfc075f-e2f5-4877-91f1-7fcdf0a70ada','POLYDEEP 231',_binary '\0','2020-02-24 17:22:00.000'),('359277bd-e41b-46f8-b93e-7eb0f5b61b84','2019-10-18 10:38:13','2019-09-09 22:00:00','CHUO','2a970345-6a7c-467d-9836-3ee1157b1fa0','POLYDEEP 370',_binary '\0','2020-02-24 17:22:01.000'),('385c15b6-cb88-45a8-bfb3-46440b085f4d','2019-01-29 12:12:55','2019-01-27 23:00:00','CHUO','45257ca5-4862-4410-97f8-a6749dd2550d','POLYDEEP 200',_binary '\0','2020-02-24 17:22:02.000'),('3c81b829-0421-4f91-91a3-67c3b6a03191','2020-02-24 10:22:02','2019-11-28 23:00:00','CHUO','f12b0d1b-1c65-41a3-aee4-96ea5c6678b4','POLYDEEP 376',_binary '','2020-02-24 17:22:15.000'),('577b7c26-4cf2-4ac5-818d-b0adfb33611a','2018-12-04 14:45:23','2018-11-21 23:00:00','CHUO','832d5cfe-13fc-409c-979d-e6d8738f37e6','POLYDEEP 111',_binary '\0','2020-02-24 17:22:03.000'),('606bf383-53b9-4885-8b88-ea873c5ba512','2019-01-23 15:50:20','2019-01-21 23:00:00','CHUO','d5a75d73-00f9-4fb2-a94b-d83fddc06f9d','POLYDEEP 181',_binary '\0','2020-02-24 17:22:04.000'),('6b17e7f1-9b4a-4b75-8f5c-538b7711a339','2019-09-20 09:03:54','2019-09-10 22:00:00','CHUO','e0963fcd-c8c9-430a-8c21-8bb88b5934a9','POLYDEEP 339',_binary '\0','2020-02-24 17:22:05.000'),('6ea02f67-5efc-43e9-8c79-a3ab90b8a0ea','2019-01-22 12:20:09','2019-01-20 23:00:00','CHUO','2a732239-57f2-4e01-818a-051350c2e15f','POLYDEEP 177',_binary '\0','2020-02-24 17:22:06.000'),('7db11f36-83f4-40eb-971a-191c691254f2','2019-01-22 12:16:31','2019-01-20 23:00:00','CHUO','93725c22-0202-435d-ae60-8d8bf1df618e','POLYDEEP 176',_binary '\0','2020-02-24 17:22:06.000'),('8ceaee7f-d45a-44f1-89d6-e505f99f2808','2019-02-13 08:50:09','2019-02-11 23:00:00','CHUO','dee932d0-5283-4640-bb13-3792cb6c138d','POLYDEEP 220',_binary '\0','2020-02-24 17:22:06.000'),('ab258999-5d15-4d55-a091-181239b05713','2019-09-16 10:35:04','2019-09-09 22:00:00','CHUO','b83b11d6-8b73-4d5b-ac5f-40d7a3948a5a','POLYDEEP 338',_binary '\0','2020-02-24 17:22:08.000'),('b0ace4a5-bd1d-4d90-8c09-4666b78c03e1','2019-05-27 14:28:55','2019-03-21 23:00:00','CHUO','bb7ba8d5-10d5-4710-81d0-2b56b40eee8c','POLYDEEP 295',_binary '\0','2020-02-24 17:22:08.000'),('b7776b4d-b832-4ad7-9cea-7473be64482f','2019-01-24 13:21:49','2019-01-23 23:00:00','CHUO','da740693-9525-4325-8ccc-f368e1b40d6a','POLYDEEP 186',_binary '\0','2020-02-24 17:22:09.000'),('be4291b4-e14c-4778-a6cc-c5fafe65ef77','2018-12-14 13:03:16','2018-12-02 23:00:00','CHUO','2e695755-d023-4187-9842-dc20a4da4982','POLYDEEP 130',_binary '','2020-02-24 17:22:10.000'),('c4a2f8f2-47d2-425a-a255-910e88af07d5','2019-03-13 08:51:14','2019-03-11 23:00:00','CHUO','7fd8b423-175a-4290-9d62-b8800e984d78','POLYDEEP 251',_binary '','2020-02-24 17:22:12.000'),('d549f547-6a77-4439-bf78-19992ad1adb0','2019-10-17 09:22:37','2019-10-15 22:00:00','CHUO','9e836b1b-9c53-4a6c-a5f0-162e984db03f','POLYDEEP 367',_binary '\0','2020-02-24 17:22:12.000'),('dd7fe4ae-bfc3-4183-8ca5-166af59fc697','2018-11-23 14:28:54','2018-11-20 23:00:00','CHUO','5a267221-077d-4b3a-88d6-ea6d617af04d','POLYDEEP 106',_binary '\0','2020-02-24 17:22:13.000'),('f0c02f78-c2b0-429a-85ed-2d39928809a8','2019-10-17 08:58:03','2019-10-15 22:00:00','CHUO','95d3f184-5614-4285-b236-6ecf0a27e720','POLYDEEP 366',_binary '','2020-02-24 17:22:13.000');
/*!40000 ALTER TABLE `exploration` ENABLE KEYS */;
UNLOCK TABLES;

--
-- Table structure for table `gallery`
--

DROP TABLE IF EXISTS `gallery`;
/*!40101 SET @saved_cs_client     = @@character_set_client */;
/*!40101 SET character_set_client = utf8 */;
CREATE TABLE `gallery` (
  `id` varchar(255) NOT NULL,
  `description` varchar(255) DEFAULT NULL,
  `title` varchar(255) NOT NULL,
  `creation_date` datetime(3) DEFAULT NULL,
  `update_date` datetime(3) DEFAULT NULL,
  PRIMARY KEY (`id`),
  UNIQUE KEY `UK_i58ueicaylttcvuys7reb4nms` (`title`)
) ENGINE=InnoDB DEFAULT CHARSET=latin1;
/*!40101 SET character_set_client = @saved_cs_client */;

--
-- Dumping data for table `gallery`
--

LOCK TABLES `gallery` WRITE;
/*!40000 ALTER TABLE `gallery` DISABLE KEYS */;
INSERT INTO `gallery` VALUES ('2e327d88-4b2f-4bf0-94e4-04f017b6479e',NULL,'Polydeep Polyp Location Task Dataset 02','2019-05-22 21:16:59.000','2020-02-24 17:22:13.000'),('5607d1a4-39b9-468d-bad6-bd9412fcae65','Gallery to store snapshots coming from polyp datasets.','Polyp dataset gallery','2020-06-04 17:55:07.468','2020-06-04 17:55:07.468'),('85c6715e-dc18-4368-ae59-fe9621d8a97a',NULL,'Polydeep Polyp Location Task Dataset 01','2019-02-22 20:41:21.000','2020-02-24 17:22:13.000');
/*!40000 ALTER TABLE `gallery` ENABLE KEYS */;
UNLOCK TABLES;

--
-- Table structure for table `idspace`
--

DROP TABLE IF EXISTS `idspace`;
/*!40101 SET @saved_cs_client     = @@character_set_client */;
/*!40101 SET character_set_client = utf8 */;
CREATE TABLE `idspace` (
  `id` varchar(255) NOT NULL,
  `name` varchar(255) NOT NULL,
  `creation_date` datetime(3) DEFAULT NULL,
  `update_date` datetime(3) DEFAULT NULL,
  PRIMARY KEY (`id`),
  UNIQUE KEY `UK_o3ytwwkm706hwu5cnmxwb61s6` (`name`)
) ENGINE=InnoDB DEFAULT CHARSET=latin1;
/*!40101 SET character_set_client = @saved_cs_client */;

--
-- Dumping data for table `idspace`
--

LOCK TABLES `idspace` WRITE;
/*!40000 ALTER TABLE `idspace` DISABLE KEYS */;
INSERT INTO `idspace` VALUES ('0c11ae09-362d-43c7-a43b-4008d74f4fe4','CHUO','2018-11-23 14:28:54.000','2020-02-24 17:22:15.000'),('84aaece5-ac09-449e-90a2-1723c5852eec','SERGAS','2020-03-19 18:06:14.000','2020-03-19 18:06:14.000');
/*!40000 ALTER TABLE `idspace` ENABLE KEYS */;
UNLOCK TABLES;

--
-- Table structure for table `image`
--

DROP TABLE IF EXISTS `image`;
/*!40101 SET @saved_cs_client     = @@character_set_client */;
/*!40101 SET character_set_client = utf8 */;
CREATE TABLE `image` (
  `id` varchar(255) NOT NULL,
  `creation_date` datetime(3) DEFAULT NULL,
  `is_removed` bit(1) DEFAULT NULL,
  `num_frame` int(11) DEFAULT NULL,
  `observation_to_remove` varchar(255) DEFAULT NULL,
  `gallery_id` varchar(255) DEFAULT NULL,
  `video_id` varchar(255) DEFAULT NULL,
  `polyp_id` varchar(255) DEFAULT NULL,
  `manually_selected` bit(1) DEFAULT b'0',
  `observation` varchar(255) DEFAULT NULL,
  `update_date` datetime(3) DEFAULT NULL,
  PRIMARY KEY (`id`),
  KEY `FKgmnxnktphh1jne2xvnv5mwaom` (`gallery_id`),
  KEY `FK5xe6y2bg1o8qv9pavwov13im2` (`polyp_id`),
  KEY `FKbn0q0jvgc44ueon5669d3a9re` (`video_id`),
  CONSTRAINT `FK5xe6y2bg1o8qv9pavwov13im2` FOREIGN KEY (`polyp_id`) REFERENCES `polyp` (`id`),
  CONSTRAINT `FKbn0q0jvgc44ueon5669d3a9re` FOREIGN KEY (`video_id`) REFERENCES `video` (`id`),
  CONSTRAINT `FKgmnxnktphh1jne2xvnv5mwaom` FOREIGN KEY (`gallery_id`) REFERENCES `gallery` (`id`)
) ENGINE=InnoDB DEFAULT CHARSET=latin1;
/*!40101 SET character_set_client = @saved_cs_client */;

--
-- Dumping data for table `image`
--

LOCK TABLES `image` WRITE;
/*!40000 ALTER TABLE `image` DISABLE KEYS */;
INSERT INTO `image` VALUES ('014d1018-a539-4d4d-baae-26faa8cd45e2','2019-02-22 20:49:49.000',_binary '\0',4375,NULL,'85c6715e-dc18-4368-ae59-fe9621d8a97a','c3af7d54-5b06-4b3f-aa00-ca6cbc14d97e','be83f272-eff0-4aa8-af45-be39007b0a78',_binary '\0',NULL,'2020-02-24 17:22:13.000'),('01fb86cc-b2b9-456b-a821-0aeb2bd26153','2019-05-22 21:17:13.000',_binary '\0',1625,NULL,'2e327d88-4b2f-4bf0-94e4-04f017b6479e','e08fcf4f-567f-45d4-900c-0bf3152ce232','0aff1456-11ba-4df6-83bb-355b428d24bb',_binary '\0',NULL,'2020-02-24 17:22:13.000'),('078149de-5625-4a4e-bf45-6b30417e3943','2019-02-22 20:43:05.000',_binary '',11175,'Bad quality','85c6715e-dc18-4368-ae59-fe9621d8a97a','4ddd48e2-87c3-46b4-867b-1afd137ad00f',NULL,_binary '\0',NULL,'2020-02-24 17:22:13.000'),('0b35df95-f832-4e57-bd45-641d1596dd11','2019-05-22 21:17:00.000',_binary '\0',17350,NULL,'2e327d88-4b2f-4bf0-94e4-04f017b6479e','d95e1143-c6e6-4bc7-9a66-16ca609d0a66','00689bdd-cab0-4e63-a4a2-0db736ef933b',_binary '\0',NULL,'2020-02-24 17:22:13.000'),('0c25f09f-e626-4966-982e-09ddb7932c8c','2019-02-22 20:49:48.000',_binary '\0',4000,NULL,'85c6715e-dc18-4368-ae59-fe9621d8a97a','c3af7d54-5b06-4b3f-aa00-ca6cbc14d97e','be83f272-eff0-4aa8-af45-be39007b0a78',_binary '\0',NULL,'2020-02-24 17:22:13.000'),('0d3a6bcd-b05a-417f-90f2-cd0fcf580043','2019-02-22 20:42:38.000',_binary '',9550,'Bad quality','85c6715e-dc18-4368-ae59-fe9621d8a97a','3906225d-8090-4661-aada-bae00937ff75',NULL,_binary '\0',NULL,'2020-02-24 17:22:13.000'),('0e888c73-b0d1-400f-9b6d-2dea12cd8ed7','2019-02-22 20:45:48.000',_binary '\0',18025,NULL,'85c6715e-dc18-4368-ae59-fe9621d8a97a','86ff8f2f-42ea-42ef-aa08-2b5104a77085','efe6d5d0-2e17-484c-95c5-e520e579a41a',_binary '\0',NULL,'2020-02-24 17:22:13.000'),('107f1526-ffd9-467b-b5f0-ecba63f6b075','2019-02-22 20:43:04.000',_binary '',10825,'Bad quality','85c6715e-dc18-4368-ae59-fe9621d8a97a','4ddd48e2-87c3-46b4-867b-1afd137ad00f',NULL,_binary '\0',NULL,'2020-02-24 17:22:13.000'),('10b7734d-4bb6-4951-a3b3-9922f366bb7b','2019-02-22 20:50:48.000',_binary '\0',12075,NULL,'85c6715e-dc18-4368-ae59-fe9621d8a97a','d4ee9c69-2392-4f46-8909-07818d175c1c','aa8d421b-e162-4e70-b215-9987e574400d',_binary '\0',NULL,'2020-02-24 17:22:13.000'),('1204f98b-bf02-4c69-8d12-901e9c1305c1','2019-02-22 20:50:44.000',_binary '\0',100,NULL,'85c6715e-dc18-4368-ae59-fe9621d8a97a','d4ee9c69-2392-4f46-8909-07818d175c1c','7aabc31b-98f7-4c15-ac9a-dec26268126e',_binary '\0',NULL,'2020-02-24 17:22:13.000'),('122d5332-cc3d-4fc2-9ba4-ce5315499153','2019-02-22 20:49:51.000',_binary '\0',5075,NULL,'85c6715e-dc18-4368-ae59-fe9621d8a97a','c3af7d54-5b06-4b3f-aa00-ca6cbc14d97e','be83f272-eff0-4aa8-af45-be39007b0a78',_binary '\0',NULL,'2020-02-24 17:22:13.000'),('1271ec51-3de4-4f96-aad8-341d4ba8fa0b','2020-06-04 18:07:12.569',_binary '\0',893,NULL,'5607d1a4-39b9-468d-bad6-bd9412fcae65','dc4154e8-eb56-4746-9da3-b74d5d12d1f1','588eb89f-de55-4374-b85c-9d048e5a180c',_binary '','','2020-06-04 18:07:12.569'),('12fb47c4-5c68-4cc8-bad6-389326d72412','2019-02-22 20:50:51.000',_binary '\0',19850,NULL,'85c6715e-dc18-4368-ae59-fe9621d8a97a','d4ee9c69-2392-4f46-8909-07818d175c1c','d7684e84-7141-47bb-97b1-b96f57c91e1b',_binary '\0',NULL,'2020-02-24 17:22:13.000'),('138bc242-9fc3-4a99-9615-3b0261091a1b','2019-02-22 20:41:24.000',_binary '\0',3875,NULL,'85c6715e-dc18-4368-ae59-fe9621d8a97a','14ef1f44-b9a4-466c-b503-1975a296fa49','a31d6252-0adb-4560-bcb8-0bf1fdd798b0',_binary '\0',NULL,'2020-02-24 17:22:13.000'),('13f42986-0bb8-45f2-93ea-b0978e04f5c4','2019-02-22 20:50:51.000',_binary '\0',19675,NULL,'85c6715e-dc18-4368-ae59-fe9621d8a97a','d4ee9c69-2392-4f46-8909-07818d175c1c','d7684e84-7141-47bb-97b1-b96f57c91e1b',_binary '\0',NULL,'2020-02-24 17:22:13.000'),('179963a6-b15d-4cf9-980c-340a8e5df392','2019-05-22 21:19:37.000',_binary '\0',6425,NULL,'2e327d88-4b2f-4bf0-94e4-04f017b6479e','936b666c-5c4f-46f5-acd4-65be49fbd775','55bcd9af-49a9-4fae-9f62-142b1d6d0040',_binary '\0',NULL,'2020-02-24 17:22:13.000'),('189ba1b9-e6e3-479b-a080-ea61468d7f70','2019-02-22 20:49:47.000',_binary '\0',3275,NULL,'85c6715e-dc18-4368-ae59-fe9621d8a97a','c3af7d54-5b06-4b3f-aa00-ca6cbc14d97e','be83f272-eff0-4aa8-af45-be39007b0a78',_binary '\0',NULL,'2020-02-24 17:22:13.000'),('198cfb25-f11c-4a55-ad38-3d77133753fd','2019-02-22 20:43:24.000',_binary '\0',2250,NULL,'85c6715e-dc18-4368-ae59-fe9621d8a97a','53e30e7d-73a0-45a2-9256-6405203fc4ef','1091d72c-0778-4154-b766-af62dd928ee0',_binary '\0',NULL,'2020-02-24 17:22:13.000'),('1b021b53-cb7d-4566-856c-506c3f63b5d0','2019-02-22 20:42:36.000',_binary '\0',550,NULL,'85c6715e-dc18-4368-ae59-fe9621d8a97a','3906225d-8090-4661-aada-bae00937ff75','87de9e85-6d0f-48ba-a428-38b0668c564a',_binary '\0',NULL,'2020-02-24 17:22:13.000'),('1ce4b45d-6c41-4a44-943b-e83e09dc3a16','2019-02-22 20:47:19.000',_binary '\0',3700,NULL,'85c6715e-dc18-4368-ae59-fe9621d8a97a','9afd1214-1763-4a98-ba40-51dda4a5ffcb','521324cc-2f3c-4e06-9f4a-b215182ac514',_binary '\0',NULL,'2020-02-24 17:22:13.000'),('210bfb89-1945-4c0e-bd76-e1472ba99740','2019-05-22 21:17:13.000',_binary '\0',1650,NULL,'2e327d88-4b2f-4bf0-94e4-04f017b6479e','e08fcf4f-567f-45d4-900c-0bf3152ce232','0aff1456-11ba-4df6-83bb-355b428d24bb',_binary '\0',NULL,'2020-02-24 17:22:13.000'),('213790be-ddc3-45f8-a1b1-0650a94e79e8','2019-02-22 20:43:02.000',_binary '\0',8550,NULL,'85c6715e-dc18-4368-ae59-fe9621d8a97a','4ddd48e2-87c3-46b4-867b-1afd137ad00f','759206e6-c5f4-44dc-b834-12b3421a68ba',_binary '\0',NULL,'2020-02-24 17:22:13.000'),('213c4c80-7a49-41d9-be59-ef26643299ad','2019-02-22 20:43:07.000',_binary '\0',2200,NULL,'85c6715e-dc18-4368-ae59-fe9621d8a97a','4ddd48e2-87c3-46b4-867b-1afd137ad00f','2b394672-7831-415d-b466-ea177fda5192',_binary '\0',NULL,'2020-02-24 17:22:13.000'),('2163d31b-739a-4bcf-a94a-e603d1647fe2','2019-05-22 21:20:00.000',_binary '\0',7150,NULL,'2e327d88-4b2f-4bf0-94e4-04f017b6479e','a7c5274f-780d-48f6-89c1-50ad66979b59','5c4acfb8-8bd1-4284-ad99-122b4dbd3b3e',_binary '\0',NULL,'2020-02-24 17:22:13.000'),('227ecf0a-3306-48f2-8863-534c244104e9','2019-05-22 21:17:13.000',_binary '\0',1475,NULL,'2e327d88-4b2f-4bf0-94e4-04f017b6479e','e08fcf4f-567f-45d4-900c-0bf3152ce232','0aff1456-11ba-4df6-83bb-355b428d24bb',_binary '\0',NULL,'2020-02-24 17:22:13.000'),('22b4d397-29f4-4daf-9cd9-195e899243c4','2019-02-22 20:50:45.000',_binary '\0',625,NULL,'85c6715e-dc18-4368-ae59-fe9621d8a97a','d4ee9c69-2392-4f46-8909-07818d175c1c','7aabc31b-98f7-4c15-ac9a-dec26268126e',_binary '\0',NULL,'2020-02-24 17:22:13.000'),('22f92370-ffce-4f44-9117-ca12a249b46e','2019-02-22 20:47:19.000',_binary '',3900,'Not polyp','85c6715e-dc18-4368-ae59-fe9621d8a97a','9afd1214-1763-4a98-ba40-51dda4a5ffcb',NULL,_binary '\0',NULL,'2020-02-24 17:22:13.000'),('2301a048-a82c-45d1-a4c7-9235476bb530','2019-02-22 20:49:51.000',_binary '\0',4800,NULL,'85c6715e-dc18-4368-ae59-fe9621d8a97a','c3af7d54-5b06-4b3f-aa00-ca6cbc14d97e','be83f272-eff0-4aa8-af45-be39007b0a78',_binary '\0',NULL,'2020-02-24 17:22:13.000'),('23b34827-4840-441b-947a-b2907eed68b5','2019-05-22 21:17:07.000',_binary '\0',375,NULL,'2e327d88-4b2f-4bf0-94e4-04f017b6479e','a1e73b6b-b99a-4dc1-868a-2e31434e1963',NULL,_binary '\0',NULL,'2020-02-24 17:22:13.000'),('253b3402-1c8f-47bb-8f48-981d5252eb14','2019-02-22 20:45:39.000',_binary '\0',17250,NULL,'85c6715e-dc18-4368-ae59-fe9621d8a97a','8697cdf9-9d43-4600-bb4a-7a139a0b4bcb','233a7ac3-05b0-4a8c-9e35-3bf5104b25b7',_binary '\0',NULL,'2020-02-24 17:22:13.000'),('25c7f4ee-0364-408a-af87-184d8ed1ab63','2019-02-22 20:45:40.000',_binary '\0',75,NULL,'85c6715e-dc18-4368-ae59-fe9621d8a97a','86ff8f2f-42ea-42ef-aa08-2b5104a77085','98640e3e-97e5-46a6-ac84-5fdb6cfca519',_binary '\0',NULL,'2020-02-24 17:22:13.000'),('26dd9a92-1f6b-4f9b-b095-505803aa4091','2019-05-22 21:17:12.000',_binary '\0',1375,NULL,'2e327d88-4b2f-4bf0-94e4-04f017b6479e','e08fcf4f-567f-45d4-900c-0bf3152ce232','0aff1456-11ba-4df6-83bb-355b428d24bb',_binary '\0',NULL,'2020-02-24 17:22:13.000'),('2887472d-b945-465f-b7e7-d7dce88b9717','2019-05-22 21:17:15.000',_binary '\0',900,NULL,'2e327d88-4b2f-4bf0-94e4-04f017b6479e','e08fcf4f-567f-45d4-900c-0bf3152ce232','0aff1456-11ba-4df6-83bb-355b428d24bb',_binary '\0',NULL,'2020-02-24 17:22:13.000'),('28885c7f-04d4-449b-aaca-10b2569757d6','2020-06-04 18:06:44.819',_binary '\0',875,NULL,'5607d1a4-39b9-468d-bad6-bd9412fcae65','dc4154e8-eb56-4746-9da3-b74d5d12d1f1','588eb89f-de55-4374-b85c-9d048e5a180c',_binary '','','2020-06-04 18:06:44.819'),('2a4468db-829e-4138-8f58-8cc0348aa66b','2019-05-22 21:17:14.000',_binary '\0',475,NULL,'2e327d88-4b2f-4bf0-94e4-04f017b6479e','e08fcf4f-567f-45d4-900c-0bf3152ce232','0aff1456-11ba-4df6-83bb-355b428d24bb',_binary '\0',NULL,'2020-02-24 17:22:13.000'),('2a71d648-371d-4005-bbc1-5e3c56ba8aeb','2019-05-22 21:17:13.000',_binary '\0',1525,NULL,'2e327d88-4b2f-4bf0-94e4-04f017b6479e','e08fcf4f-567f-45d4-900c-0bf3152ce232','0aff1456-11ba-4df6-83bb-355b428d24bb',_binary '\0',NULL,'2020-02-24 17:22:13.000'),('2ceaac90-42dd-4f55-820b-2d387643a108','2019-05-22 21:17:14.000',_binary '\0',400,NULL,'2e327d88-4b2f-4bf0-94e4-04f017b6479e','e08fcf4f-567f-45d4-900c-0bf3152ce232','0aff1456-11ba-4df6-83bb-355b428d24bb',_binary '\0',NULL,'2020-02-24 17:22:13.000'),('2d71d2fe-59cd-4088-acf4-cbae73248f0f','2019-02-22 20:49:53.000',_binary '',450,'Not polyp','85c6715e-dc18-4368-ae59-fe9621d8a97a','c3af7d54-5b06-4b3f-aa00-ca6cbc14d97e',NULL,_binary '\0',NULL,'2020-02-24 17:22:13.000'),('2e283a0a-bdf0-48ee-b015-bfb31c5d321e','2019-05-22 21:20:00.000',_binary '\0',7225,NULL,'2e327d88-4b2f-4bf0-94e4-04f017b6479e','a7c5274f-780d-48f6-89c1-50ad66979b59','5c4acfb8-8bd1-4284-ad99-122b4dbd3b3e',_binary '\0',NULL,'2020-02-24 17:22:13.000'),('2ea29371-7b4d-4282-8fc9-e0e3ab3d538e','2019-02-22 20:43:06.000',_binary '',11425,'Bad quality','85c6715e-dc18-4368-ae59-fe9621d8a97a','4ddd48e2-87c3-46b4-867b-1afd137ad00f',NULL,_binary '\0',NULL,'2020-02-24 17:22:13.000'),('2ee59f21-da2d-4676-9768-e6c4adbaa701','2019-05-22 21:19:20.000',_binary '\0',3225,NULL,'2e327d88-4b2f-4bf0-94e4-04f017b6479e','bf0cb4e8-52d9-4749-99b7-6461f9a8fa63','4acce8ac-019b-4211-b7df-9aea5cbf785f',_binary '\0',NULL,'2020-02-24 17:22:13.000'),('2fdb41ec-0e14-42a1-985d-86f80f64ad63','2019-05-22 21:17:14.000',_binary '\0',1750,NULL,'2e327d88-4b2f-4bf0-94e4-04f017b6479e','e08fcf4f-567f-45d4-900c-0bf3152ce232','0aff1456-11ba-4df6-83bb-355b428d24bb',_binary '\0',NULL,'2020-02-24 17:22:13.000'),('334613bd-ecbf-4f2b-842a-e44a7b1b5a07','2019-02-22 20:45:43.000',_binary '\0',950,NULL,'85c6715e-dc18-4368-ae59-fe9621d8a97a','86ff8f2f-42ea-42ef-aa08-2b5104a77085','98640e3e-97e5-46a6-ac84-5fdb6cfca519',_binary '\0',NULL,'2020-02-24 17:22:13.000'),('36bad93c-d48d-4ac7-a3de-15061b6e1840','2019-05-22 21:19:37.000',_binary '\0',6450,NULL,'2e327d88-4b2f-4bf0-94e4-04f017b6479e','936b666c-5c4f-46f5-acd4-65be49fbd775','55bcd9af-49a9-4fae-9f62-142b1d6d0040',_binary '\0',NULL,'2020-02-24 17:22:13.000'),('36bb9d35-5875-42d7-ba22-5d7fe6fb76e7','2019-02-22 20:45:58.000',_binary '\0',2725,NULL,'85c6715e-dc18-4368-ae59-fe9621d8a97a','8b6885a8-187f-4aa5-b04a-782d19266d42','df07c55a-7d18-47e3-971a-e8ef375fdf92',_binary '\0',NULL,'2020-02-24 17:22:13.000'),('37cf97da-068f-4cb9-804c-08ff0bec18da','2019-02-22 20:41:21.000',_binary '\0',375,NULL,'85c6715e-dc18-4368-ae59-fe9621d8a97a','14ef1f44-b9a4-466c-b503-1975a296fa49','baf3cbad-f467-404f-ac1c-8213354a7eb2',_binary '\0',NULL,'2020-02-24 17:22:13.000'),('37ee1030-5704-42e1-b0bb-ecdf7f4e6196','2019-05-22 21:17:00.000',_binary '\0',17200,NULL,'2e327d88-4b2f-4bf0-94e4-04f017b6479e','d95e1143-c6e6-4bc7-9a66-16ca609d0a66','00689bdd-cab0-4e63-a4a2-0db736ef933b',_binary '\0',NULL,'2020-02-24 17:22:13.000'),('3929a814-1b94-4df3-81ad-09e005d36c0d','2019-02-22 20:45:57.000',_binary '\0',2350,NULL,'85c6715e-dc18-4368-ae59-fe9621d8a97a','8b6885a8-187f-4aa5-b04a-782d19266d42','df07c55a-7d18-47e3-971a-e8ef375fdf92',_binary '\0',NULL,'2020-02-24 17:22:13.000'),('398b2ec3-1c86-4cb1-b0ad-ce1fe73e4fb8','2020-06-04 18:07:21.434',_binary '\0',911,NULL,'5607d1a4-39b9-468d-bad6-bd9412fcae65','dc4154e8-eb56-4746-9da3-b74d5d12d1f1','588eb89f-de55-4374-b85c-9d048e5a180c',_binary '','','2020-06-04 18:07:21.434'),('3b543b6d-a06a-43aa-8883-df617981e4b1','2019-02-22 20:45:47.000',_binary '',17550,'Bad quality','85c6715e-dc18-4368-ae59-fe9621d8a97a','86ff8f2f-42ea-42ef-aa08-2b5104a77085',NULL,_binary '\0',NULL,'2020-02-24 17:22:13.000'),('3e400bd8-0ec4-4448-9175-2b33683f3b62','2019-02-22 20:45:44.000',_binary '\0',11375,NULL,'85c6715e-dc18-4368-ae59-fe9621d8a97a','86ff8f2f-42ea-42ef-aa08-2b5104a77085','150aeaef-e250-40a0-9982-b8c01fb040f0',_binary '\0',NULL,'2020-02-24 17:22:13.000'),('3e632b30-6c6e-4e41-a264-d3d74d0f42e3','2019-02-22 20:42:39.000',_binary '',14650,'Several polyps','85c6715e-dc18-4368-ae59-fe9621d8a97a','3906225d-8090-4661-aada-bae00937ff75',NULL,_binary '\0',NULL,'2020-02-24 17:22:13.000'),('4018f749-c166-4ff1-9190-d7eee6e6dfc8','2019-05-22 21:17:13.000',_binary '\0',1600,NULL,'2e327d88-4b2f-4bf0-94e4-04f017b6479e','e08fcf4f-567f-45d4-900c-0bf3152ce232','0aff1456-11ba-4df6-83bb-355b428d24bb',_binary '\0',NULL,'2020-02-24 17:22:13.000'),('4117f097-77f3-406b-982b-2902c7ba0afa','2019-02-22 20:45:45.000',_binary '\0',16400,NULL,'85c6715e-dc18-4368-ae59-fe9621d8a97a','86ff8f2f-42ea-42ef-aa08-2b5104a77085','6e5740f1-a336-416d-b2dc-242e87227e57',_binary '\0',NULL,'2020-02-24 17:22:13.000'),('43619c99-13bf-4b1d-819a-7527a2addf57','2019-02-22 20:43:23.000',_binary '',2125,'Bad quality','85c6715e-dc18-4368-ae59-fe9621d8a97a','53e30e7d-73a0-45a2-9256-6405203fc4ef',NULL,_binary '\0',NULL,'2020-02-24 17:22:13.000'),('468c6e09-ddd5-4e9f-88aa-3dfe5f5309e4','2019-02-22 20:50:49.000',_binary '\0',16850,NULL,'85c6715e-dc18-4368-ae59-fe9621d8a97a','d4ee9c69-2392-4f46-8909-07818d175c1c','3213fe99-f774-4dc5-a12a-f69ffee8e17c',_binary '\0',NULL,'2020-02-24 17:22:13.000'),('46f0546d-3345-4843-8a5c-b249c91e8f13','2019-02-22 20:43:21.000',_binary '\0',16025,NULL,'85c6715e-dc18-4368-ae59-fe9621d8a97a','53e30e7d-73a0-45a2-9256-6405203fc4ef',NULL,_binary '\0',NULL,'2020-02-24 17:22:13.000'),('47357fd6-4555-4a66-99f6-e6c218b6f5b2','2019-02-22 20:45:40.000',_binary '',17450,'Bad quality','85c6715e-dc18-4368-ae59-fe9621d8a97a','8697cdf9-9d43-4600-bb4a-7a139a0b4bcb',NULL,_binary '\0',NULL,'2020-02-24 17:22:13.000'),('4858e10b-4918-4066-b17a-67b403eb5f04','2019-02-22 20:50:48.000',_binary '\0',14200,NULL,'85c6715e-dc18-4368-ae59-fe9621d8a97a','d4ee9c69-2392-4f46-8909-07818d175c1c','93d44ede-50eb-4d85-8b79-c6449b1b15ea',_binary '\0',NULL,'2020-02-24 17:22:13.000'),('499c0a39-9cdb-4767-b4b8-01183feedaf5','2019-02-22 20:47:20.000',_binary '\0',4675,NULL,'85c6715e-dc18-4368-ae59-fe9621d8a97a','9afd1214-1763-4a98-ba40-51dda4a5ffcb','521324cc-2f3c-4e06-9f4a-b215182ac514',_binary '\0',NULL,'2020-02-24 17:22:13.000'),('4a2041c8-4585-49db-960e-d196ef8069bf','2019-05-22 21:17:00.000',_binary '\0',17450,NULL,'2e327d88-4b2f-4bf0-94e4-04f017b6479e','d95e1143-c6e6-4bc7-9a66-16ca609d0a66','00689bdd-cab0-4e63-a4a2-0db736ef933b',_binary '\0',NULL,'2020-02-24 17:22:13.000'),('4bd17014-4740-4fb9-a907-68ba9f9fcbd6','2019-02-22 20:50:45.000',_binary '\0',425,NULL,'85c6715e-dc18-4368-ae59-fe9621d8a97a','d4ee9c69-2392-4f46-8909-07818d175c1c','7aabc31b-98f7-4c15-ac9a-dec26268126e',_binary '\0',NULL,'2020-02-24 17:22:13.000'),('4d08b24a-ca55-4d6d-846d-00716d59ccbe','2019-02-22 20:47:19.000',_binary '\0',3575,NULL,'85c6715e-dc18-4368-ae59-fe9621d8a97a','9afd1214-1763-4a98-ba40-51dda4a5ffcb','521324cc-2f3c-4e06-9f4a-b215182ac514',_binary '\0',NULL,'2020-02-24 17:22:13.000'),('4f8d6240-5d86-4439-a9a1-286c2c945269','2019-05-22 21:17:13.000',_binary '\0',1500,NULL,'2e327d88-4b2f-4bf0-94e4-04f017b6479e','e08fcf4f-567f-45d4-900c-0bf3152ce232','0aff1456-11ba-4df6-83bb-355b428d24bb',_binary '\0',NULL,'2020-02-24 17:22:13.000'),('522ff45f-0ae9-454e-b4bf-fd1349a09c10','2019-02-22 20:45:59.000',_binary '\0',2900,NULL,'85c6715e-dc18-4368-ae59-fe9621d8a97a','8b6885a8-187f-4aa5-b04a-782d19266d42','df07c55a-7d18-47e3-971a-e8ef375fdf92',_binary '\0',NULL,'2020-02-24 17:22:13.000'),('5239a03d-d977-41b5-90ec-4b296ffd9b0d','2019-02-22 20:43:03.000',_binary '\0',8825,NULL,'85c6715e-dc18-4368-ae59-fe9621d8a97a','4ddd48e2-87c3-46b4-867b-1afd137ad00f','759206e6-c5f4-44dc-b834-12b3421a68ba',_binary '\0',NULL,'2020-02-24 17:22:13.000'),('53701179-fb7c-4531-b2b4-6d783995656d','2019-02-22 20:50:46.000',_binary '\0',5200,NULL,'85c6715e-dc18-4368-ae59-fe9621d8a97a','d4ee9c69-2392-4f46-8909-07818d175c1c','a5e78296-3246-4fc2-bafe-b5ae62e2c774',_binary '\0',NULL,'2020-02-24 17:22:13.000'),('542c5619-e237-4d8d-b604-99d8474b7037','2019-02-22 20:45:37.000',_binary '',3325,'Bad quality','85c6715e-dc18-4368-ae59-fe9621d8a97a','8697cdf9-9d43-4600-bb4a-7a139a0b4bcb',NULL,_binary '\0',NULL,'2020-02-24 17:22:13.000'),('55afd6d9-1fa1-450e-9039-fe7da1ba0b1e','2019-02-22 20:42:38.000',_binary '\0',14150,NULL,'85c6715e-dc18-4368-ae59-fe9621d8a97a','3906225d-8090-4661-aada-bae00937ff75','eba44072-b406-4e1c-b524-f764f0579103',_binary '\0',NULL,'2020-02-24 17:22:13.000'),('55bcc73a-3017-4d4b-87de-3da637fc9ede','2019-05-22 21:17:13.000',_binary '\0',1450,NULL,'2e327d88-4b2f-4bf0-94e4-04f017b6479e','e08fcf4f-567f-45d4-900c-0bf3152ce232','0aff1456-11ba-4df6-83bb-355b428d24bb',_binary '\0',NULL,'2020-02-24 17:22:13.000'),('59c530ab-c76a-44bb-916b-acc395000d62','2019-05-22 21:17:14.000',_binary '\0',700,NULL,'2e327d88-4b2f-4bf0-94e4-04f017b6479e','e08fcf4f-567f-45d4-900c-0bf3152ce232','0aff1456-11ba-4df6-83bb-355b428d24bb',_binary '\0',NULL,'2020-02-24 17:22:13.000'),('5ba34ad7-a967-4676-af42-c33793a1baeb','2019-02-22 20:43:23.000',_binary '\0',1875,NULL,'85c6715e-dc18-4368-ae59-fe9621d8a97a','53e30e7d-73a0-45a2-9256-6405203fc4ef','1091d72c-0778-4154-b766-af62dd928ee0',_binary '\0',NULL,'2020-02-24 17:22:13.000'),('5bc33f20-c6a9-45c2-bb07-52ddf945e4af','2019-02-22 20:49:50.000',_binary '\0',4500,NULL,'85c6715e-dc18-4368-ae59-fe9621d8a97a','c3af7d54-5b06-4b3f-aa00-ca6cbc14d97e','be83f272-eff0-4aa8-af45-be39007b0a78',_binary '\0',NULL,'2020-02-24 17:22:13.000'),('5bdd5ea1-cfdd-4917-a6f2-d445a856bf64','2019-02-22 20:41:22.000',_binary '\0',525,NULL,'85c6715e-dc18-4368-ae59-fe9621d8a97a','14ef1f44-b9a4-466c-b503-1975a296fa49','baf3cbad-f467-404f-ac1c-8213354a7eb2',_binary '\0',NULL,'2020-02-24 17:22:13.000'),('5f11fbfd-4fe0-48be-ac8f-5c3f83e02d69','2019-02-22 20:45:50.000',_binary '\0',19325,NULL,'85c6715e-dc18-4368-ae59-fe9621d8a97a','86ff8f2f-42ea-42ef-aa08-2b5104a77085','83b3d301-7f84-453c-b908-121cf0b705f3',_binary '\0',NULL,'2020-02-24 17:22:13.000'),('5fd029e1-1192-4614-9f3f-2bd62586da13','2019-02-22 20:43:10.000',_binary '\0',2750,NULL,'85c6715e-dc18-4368-ae59-fe9621d8a97a','4ddd48e2-87c3-46b4-867b-1afd137ad00f','2b394672-7831-415d-b466-ea177fda5192',_binary '\0',NULL,'2020-02-24 17:22:13.000'),('623baf35-d99f-4ceb-b337-615199967420','2019-02-22 20:45:46.000',_binary '\0',16550,NULL,'85c6715e-dc18-4368-ae59-fe9621d8a97a','86ff8f2f-42ea-42ef-aa08-2b5104a77085',NULL,_binary '\0',NULL,'2020-02-24 17:22:13.000'),('62b671dc-1b3d-450e-b9b1-9dc6927f28c0','2019-02-22 20:43:09.000',_binary '\0',2375,NULL,'85c6715e-dc18-4368-ae59-fe9621d8a97a','4ddd48e2-87c3-46b4-867b-1afd137ad00f','2b394672-7831-415d-b466-ea177fda5192',_binary '\0',NULL,'2020-02-24 17:22:13.000'),('63f2902e-a03b-4fef-b786-56923fee9666','2019-02-22 20:43:06.000',_binary '',11550,'Bad quality','85c6715e-dc18-4368-ae59-fe9621d8a97a','4ddd48e2-87c3-46b4-867b-1afd137ad00f',NULL,_binary '\0',NULL,'2020-02-24 17:22:13.000'),('64efd92d-c1dd-4d01-b541-b71924339c60','2019-02-22 20:45:38.000',_binary '\0',16850,NULL,'85c6715e-dc18-4368-ae59-fe9621d8a97a','8697cdf9-9d43-4600-bb4a-7a139a0b4bcb','233a7ac3-05b0-4a8c-9e35-3bf5104b25b7',_binary '\0',NULL,'2020-02-24 17:22:13.000'),('67a771db-731b-492f-bc05-f47324166ded','2019-05-22 21:17:14.000',_binary '\0',1725,NULL,'2e327d88-4b2f-4bf0-94e4-04f017b6479e','e08fcf4f-567f-45d4-900c-0bf3152ce232','0aff1456-11ba-4df6-83bb-355b428d24bb',_binary '\0',NULL,'2020-02-24 17:22:13.000'),('6898153c-c92a-49d9-8281-ac9800dfcb43','2019-05-22 21:17:00.000',_binary '\0',17150,NULL,'2e327d88-4b2f-4bf0-94e4-04f017b6479e','d95e1143-c6e6-4bc7-9a66-16ca609d0a66','00689bdd-cab0-4e63-a4a2-0db736ef933b',_binary '\0',NULL,'2020-02-24 17:22:13.000'),('6b78e3de-7074-4031-a738-fa2ab776bd54','2019-05-22 21:17:13.000',_binary '\0',1400,NULL,'2e327d88-4b2f-4bf0-94e4-04f017b6479e','e08fcf4f-567f-45d4-900c-0bf3152ce232','0aff1456-11ba-4df6-83bb-355b428d24bb',_binary '\0',NULL,'2020-02-24 17:22:13.000'),('6c057f46-9b7a-4dd5-9884-d66bd7dc0fed','2019-02-22 20:50:50.000',_binary '\0',18750,NULL,'85c6715e-dc18-4368-ae59-fe9621d8a97a','d4ee9c69-2392-4f46-8909-07818d175c1c','9d10bb13-8b4f-4e65-a6c9-022116d3e1bf',_binary '\0',NULL,'2020-02-24 17:22:13.000'),('6c2eef4d-0264-47c5-8aec-3aeaf736e055','2019-02-22 20:43:22.000',_binary '\0',1675,NULL,'85c6715e-dc18-4368-ae59-fe9621d8a97a','53e30e7d-73a0-45a2-9256-6405203fc4ef','1091d72c-0778-4154-b766-af62dd928ee0',_binary '\0',NULL,'2020-02-24 17:22:13.000'),('6e7faaec-d628-4fd4-bba9-d63eebe3dac7','2019-02-22 20:45:38.000',_binary '',3600,'Bad quality','85c6715e-dc18-4368-ae59-fe9621d8a97a','8697cdf9-9d43-4600-bb4a-7a139a0b4bcb',NULL,_binary '\0',NULL,'2020-02-24 17:22:13.000'),('6f6409b8-b4df-4c9f-ba05-098eb0c74d20','2019-02-22 20:45:49.000',_binary '\0',19050,NULL,'85c6715e-dc18-4368-ae59-fe9621d8a97a','86ff8f2f-42ea-42ef-aa08-2b5104a77085','83b3d301-7f84-453c-b908-121cf0b705f3',_binary '\0',NULL,'2020-02-24 17:22:13.000'),('6fc6a29e-b3da-4be6-b9b9-d19c7b47a759','2019-05-22 21:17:14.000',_binary '\0',500,NULL,'2e327d88-4b2f-4bf0-94e4-04f017b6479e','e08fcf4f-567f-45d4-900c-0bf3152ce232','0aff1456-11ba-4df6-83bb-355b428d24bb',_binary '\0',NULL,'2020-02-24 17:22:13.000'),('7253498f-3fea-4134-8d62-fd5c8690d86c','2019-05-22 21:19:37.000',_binary '\0',6475,NULL,'2e327d88-4b2f-4bf0-94e4-04f017b6479e','936b666c-5c4f-46f5-acd4-65be49fbd775','55bcd9af-49a9-4fae-9f62-142b1d6d0040',_binary '\0',NULL,'2020-02-24 17:22:13.000'),('78f2a46a-b0a3-4016-8def-b5f02339f60b','2019-02-22 20:45:43.000',_binary '',11025,'Bad quality','85c6715e-dc18-4368-ae59-fe9621d8a97a','86ff8f2f-42ea-42ef-aa08-2b5104a77085',NULL,_binary '\0',NULL,'2020-02-24 17:22:13.000'),('7947d2e5-1179-4e07-8858-c795aaab172b','2019-02-22 20:49:52.000',_binary '\0',10525,NULL,'85c6715e-dc18-4368-ae59-fe9621d8a97a','c3af7d54-5b06-4b3f-aa00-ca6cbc14d97e','2cd1682f-a7bf-4aec-8ef9-e78d48156633',_binary '\0',NULL,'2020-02-24 17:22:13.000'),('7b0939e7-753d-4b76-bf43-1a9f327438e3','2019-02-22 20:45:37.000',_binary '',3450,'Not polyp','85c6715e-dc18-4368-ae59-fe9621d8a97a','8697cdf9-9d43-4600-bb4a-7a139a0b4bcb',NULL,_binary '\0',NULL,'2020-02-24 17:22:13.000'),('7b5e9555-f487-470b-98d2-0b30a7f4f0ec','2019-02-22 20:45:46.000',_binary '\0',16700,NULL,'85c6715e-dc18-4368-ae59-fe9621d8a97a','86ff8f2f-42ea-42ef-aa08-2b5104a77085','6e5740f1-a336-416d-b2dc-242e87227e57',_binary '\0',NULL,'2020-02-24 17:22:13.000'),('7c09dc2c-fc0b-435f-a3fc-5667c8ec346e','2019-05-22 21:19:20.000',_binary '\0',3075,NULL,'2e327d88-4b2f-4bf0-94e4-04f017b6479e','bf0cb4e8-52d9-4749-99b7-6461f9a8fa63','4acce8ac-019b-4211-b7df-9aea5cbf785f',_binary '\0',NULL,'2020-02-24 17:22:13.000'),('7c0fd52a-5625-4fc6-b3ff-c0fb2dff522e','2019-02-22 20:45:48.000',_binary '\0',17850,NULL,'85c6715e-dc18-4368-ae59-fe9621d8a97a','86ff8f2f-42ea-42ef-aa08-2b5104a77085','efe6d5d0-2e17-484c-95c5-e520e579a41a',_binary '\0',NULL,'2020-02-24 17:22:13.000'),('7c13ee91-98a3-42b2-a44b-4b55886ca718','2019-02-22 20:45:43.000',_binary '\0',1075,NULL,'85c6715e-dc18-4368-ae59-fe9621d8a97a','86ff8f2f-42ea-42ef-aa08-2b5104a77085','98640e3e-97e5-46a6-ac84-5fdb6cfca519',_binary '\0',NULL,'2020-02-24 17:22:13.000'),('7c9fc6e2-aa3f-44dd-be38-5cb8be0154b0','2019-02-22 20:45:59.000',_binary '\0',3050,NULL,'85c6715e-dc18-4368-ae59-fe9621d8a97a','8b6885a8-187f-4aa5-b04a-782d19266d42','df07c55a-7d18-47e3-971a-e8ef375fdf92',_binary '\0',NULL,'2020-02-24 17:22:13.000'),('7ffd2763-1269-4e25-b4bd-73dddc013205','2019-05-22 21:17:13.000',_binary '\0',1550,NULL,'2e327d88-4b2f-4bf0-94e4-04f017b6479e','e08fcf4f-567f-45d4-900c-0bf3152ce232','0aff1456-11ba-4df6-83bb-355b428d24bb',_binary '\0',NULL,'2020-02-24 17:22:13.000'),('8009fe74-7f09-47ec-9058-151e2383ca1f','2019-02-22 20:41:23.000',_binary '\0',850,NULL,'85c6715e-dc18-4368-ae59-fe9621d8a97a','14ef1f44-b9a4-466c-b503-1975a296fa49','baf3cbad-f467-404f-ac1c-8213354a7eb2',_binary '\0',NULL,'2020-02-24 17:22:13.000'),('83f45e39-831d-48fb-954d-970061f7dbf4','2019-02-22 20:42:40.000',_binary '',14825,'Bad quality','85c6715e-dc18-4368-ae59-fe9621d8a97a','3906225d-8090-4661-aada-bae00937ff75',NULL,_binary '\0',NULL,'2020-02-24 17:22:13.000'),('85d71b6a-4bdc-4f44-aacd-3089a0fad170','2019-05-22 21:19:20.000',_binary '\0',3275,NULL,'2e327d88-4b2f-4bf0-94e4-04f017b6479e','bf0cb4e8-52d9-4749-99b7-6461f9a8fa63','4acce8ac-019b-4211-b7df-9aea5cbf785f',_binary '\0',NULL,'2020-02-24 17:22:13.000'),('87c11192-2727-4f40-84df-b3cc37e452f7','2019-02-22 20:49:49.000',_binary '\0',4250,NULL,'85c6715e-dc18-4368-ae59-fe9621d8a97a','c3af7d54-5b06-4b3f-aa00-ca6cbc14d97e','be83f272-eff0-4aa8-af45-be39007b0a78',_binary '\0',NULL,'2020-02-24 17:22:13.000'),('899ab527-24c7-49bb-ae70-38567456b186','2019-02-22 20:41:23.000',_binary '\0',3725,NULL,'85c6715e-dc18-4368-ae59-fe9621d8a97a','14ef1f44-b9a4-466c-b503-1975a296fa49','a31d6252-0adb-4560-bcb8-0bf1fdd798b0',_binary '\0',NULL,'2020-02-24 17:22:13.000'),('8a8de298-827e-4eae-b79c-8b41fd477fc0','2019-02-22 20:50:46.000',_binary '\0',5000,NULL,'85c6715e-dc18-4368-ae59-fe9621d8a97a','d4ee9c69-2392-4f46-8909-07818d175c1c','a5e78296-3246-4fc2-bafe-b5ae62e2c774',_binary '\0',NULL,'2020-02-24 17:22:13.000'),('8bb50d1a-70f9-4dd4-9487-d32729e2c49d','2019-05-22 21:17:12.000',_binary '\0',1150,NULL,'2e327d88-4b2f-4bf0-94e4-04f017b6479e','e08fcf4f-567f-45d4-900c-0bf3152ce232','0aff1456-11ba-4df6-83bb-355b428d24bb',_binary '\0',NULL,'2020-02-24 17:22:13.000'),('8c180cb7-3586-4153-a9cc-9e59b711ed8a','2019-05-22 21:17:12.000',_binary '\0',1050,NULL,'2e327d88-4b2f-4bf0-94e4-04f017b6479e','e08fcf4f-567f-45d4-900c-0bf3152ce232','0aff1456-11ba-4df6-83bb-355b428d24bb',_binary '\0',NULL,'2020-02-24 17:22:13.000'),('8c499094-dbdf-4dae-9c1a-a608383c3cb4','2019-02-22 20:43:22.000',_binary '',16275,'Not polyp','85c6715e-dc18-4368-ae59-fe9621d8a97a','53e30e7d-73a0-45a2-9256-6405203fc4ef',NULL,_binary '\0',NULL,'2020-02-24 17:22:13.000'),('8efe536e-0912-45d5-b321-d5faf1ca5c6e','2019-02-22 20:42:41.000',_binary '\0',15125,NULL,'85c6715e-dc18-4368-ae59-fe9621d8a97a','3906225d-8090-4661-aada-bae00937ff75','eba44072-b406-4e1c-b524-f764f0579103',_binary '\0',NULL,'2020-02-24 17:22:13.000'),('8f189508-367d-494d-8d7d-185653d6de65','2019-05-22 21:17:14.000',_binary '\0',1675,NULL,'2e327d88-4b2f-4bf0-94e4-04f017b6479e','e08fcf4f-567f-45d4-900c-0bf3152ce232','0aff1456-11ba-4df6-83bb-355b428d24bb',_binary '\0',NULL,'2020-02-24 17:22:13.000'),('8f3d998c-6a3e-4bc6-a3db-233c4934c87e','2019-02-22 20:43:03.000',_binary '',10450,'Bad quality','85c6715e-dc18-4368-ae59-fe9621d8a97a','4ddd48e2-87c3-46b4-867b-1afd137ad00f',NULL,_binary '\0',NULL,'2020-02-24 17:22:13.000'),('90feacc6-af51-4534-b201-79fd549769d1','2019-02-22 20:45:42.000',_binary '\0',675,NULL,'85c6715e-dc18-4368-ae59-fe9621d8a97a','86ff8f2f-42ea-42ef-aa08-2b5104a77085','98640e3e-97e5-46a6-ac84-5fdb6cfca519',_binary '\0',NULL,'2020-02-24 17:22:13.000'),('915f6d72-12c1-4987-8bc0-5892500dc035','2019-02-22 20:43:03.000',_binary '',10125,'Bad quality','85c6715e-dc18-4368-ae59-fe9621d8a97a','4ddd48e2-87c3-46b4-867b-1afd137ad00f',NULL,_binary '\0',NULL,'2020-02-24 17:22:13.000'),('93ddc303-cf63-4bb6-91c0-3c77042480c6','2019-02-22 20:43:09.000',_binary '\0',2625,NULL,'85c6715e-dc18-4368-ae59-fe9621d8a97a','4ddd48e2-87c3-46b4-867b-1afd137ad00f','2b394672-7831-415d-b466-ea177fda5192',_binary '\0',NULL,'2020-02-24 17:22:13.000'),('95b1373f-631e-410b-9830-98335127cea8','2019-02-22 20:50:45.000',_binary '\0',750,NULL,'85c6715e-dc18-4368-ae59-fe9621d8a97a','d4ee9c69-2392-4f46-8909-07818d175c1c','7aabc31b-98f7-4c15-ac9a-dec26268126e',_binary '\0',NULL,'2020-02-24 17:22:13.000'),('9703f983-bf20-4390-aaff-9dff1c16abeb','2019-02-22 20:45:39.000',_binary '\0',16975,NULL,'85c6715e-dc18-4368-ae59-fe9621d8a97a','8697cdf9-9d43-4600-bb4a-7a139a0b4bcb','233a7ac3-05b0-4a8c-9e35-3bf5104b25b7',_binary '\0',NULL,'2020-02-24 17:22:13.000'),('974a721d-b936-46ef-b5e6-3e703e4f0ebe','2019-02-22 20:43:02.000',_binary '\0',8675,NULL,'85c6715e-dc18-4368-ae59-fe9621d8a97a','4ddd48e2-87c3-46b4-867b-1afd137ad00f','759206e6-c5f4-44dc-b834-12b3421a68ba',_binary '\0',NULL,'2020-02-24 17:22:13.000'),('980e5120-476e-4d49-8e14-f31da7dbe943','2019-02-22 20:49:53.000',_binary '\0',325,NULL,'85c6715e-dc18-4368-ae59-fe9621d8a97a','c3af7d54-5b06-4b3f-aa00-ca6cbc14d97e','a790d841-8ef8-490f-8b7d-5ac37c71ebbb',_binary '\0',NULL,'2020-02-24 17:22:13.000'),('9821314c-7277-4eda-af1e-6e8d3756435e','2019-05-22 21:20:00.000',_binary '\0',7125,NULL,'2e327d88-4b2f-4bf0-94e4-04f017b6479e','a7c5274f-780d-48f6-89c1-50ad66979b59','5c4acfb8-8bd1-4284-ad99-122b4dbd3b3e',_binary '\0',NULL,'2020-02-24 17:22:13.000'),('98747dce-b185-4c6b-9e4c-97e89e7e072b','2019-02-22 20:45:45.000',_binary '',11500,'Bad quality','85c6715e-dc18-4368-ae59-fe9621d8a97a','86ff8f2f-42ea-42ef-aa08-2b5104a77085',NULL,_binary '\0',NULL,'2020-02-24 17:22:13.000'),('9af06e6b-6a87-4e9f-a0b7-10d98960f16e','2019-02-22 20:41:22.000',_binary '\0',700,NULL,'85c6715e-dc18-4368-ae59-fe9621d8a97a','14ef1f44-b9a4-466c-b503-1975a296fa49','baf3cbad-f467-404f-ac1c-8213354a7eb2',_binary '\0',NULL,'2020-02-24 17:22:13.000'),('9c73fbb2-9ac4-442d-80be-6fe0d6ebc279','2019-05-22 21:17:01.000',_binary '\0',17525,NULL,'2e327d88-4b2f-4bf0-94e4-04f017b6479e','d95e1143-c6e6-4bc7-9a66-16ca609d0a66','00689bdd-cab0-4e63-a4a2-0db736ef933b',_binary '\0',NULL,'2020-02-24 17:22:13.000'),('a0a905a0-8e4b-466d-960e-e120d49b7e22','2019-05-22 21:17:14.000',_binary '\0',450,NULL,'2e327d88-4b2f-4bf0-94e4-04f017b6479e','e08fcf4f-567f-45d4-900c-0bf3152ce232','0aff1456-11ba-4df6-83bb-355b428d24bb',_binary '\0',NULL,'2020-02-24 17:22:13.000'),('a13966ca-110b-4541-83e2-3e452904126a','2019-02-22 20:43:10.000',_binary '\0',2875,NULL,'85c6715e-dc18-4368-ae59-fe9621d8a97a','4ddd48e2-87c3-46b4-867b-1afd137ad00f','2b394672-7831-415d-b466-ea177fda5192',_binary '\0',NULL,'2020-02-24 17:22:13.000'),('a216828b-3232-46b7-9997-48b1516378c9','2019-05-22 21:17:07.000',_binary '\0',400,NULL,'2e327d88-4b2f-4bf0-94e4-04f017b6479e','a1e73b6b-b99a-4dc1-868a-2e31434e1963','06719ee8-1585-41e7-bf01-9e7684b2c38e',_binary '\0',NULL,'2020-02-24 17:22:13.000'),('a22e7174-51fa-4876-b333-588910ddd0fb','2019-02-22 20:43:05.000',_binary '',11050,'Bad quality','85c6715e-dc18-4368-ae59-fe9621d8a97a','4ddd48e2-87c3-46b4-867b-1afd137ad00f',NULL,_binary '\0',NULL,'2020-02-24 17:22:13.000'),('a24e76da-2965-45e4-a52c-a921d01eecd4','2019-02-22 20:43:04.000',_binary '',10625,'Bad quality','85c6715e-dc18-4368-ae59-fe9621d8a97a','4ddd48e2-87c3-46b4-867b-1afd137ad00f',NULL,_binary '\0',NULL,'2020-02-24 17:22:13.000'),('a370141f-0acd-4e0a-b11d-84be0dd154ca','2019-05-22 21:17:15.000',_binary '\0',950,NULL,'2e327d88-4b2f-4bf0-94e4-04f017b6479e','e08fcf4f-567f-45d4-900c-0bf3152ce232','0aff1456-11ba-4df6-83bb-355b428d24bb',_binary '\0',NULL,'2020-02-24 17:22:13.000'),('a411eec6-8044-4fb9-8c12-c4f56416a7ce','2019-02-22 20:45:47.000',_binary '\0',16875,NULL,'85c6715e-dc18-4368-ae59-fe9621d8a97a','86ff8f2f-42ea-42ef-aa08-2b5104a77085','6e5740f1-a336-416d-b2dc-242e87227e57',_binary '\0',NULL,'2020-02-24 17:22:13.000'),('a42ab93c-2fd2-428d-b0c0-249bed733dbc','2019-05-22 21:20:00.000',_binary '\0',7175,NULL,'2e327d88-4b2f-4bf0-94e4-04f017b6479e','a7c5274f-780d-48f6-89c1-50ad66979b59','5c4acfb8-8bd1-4284-ad99-122b4dbd3b3e',_binary '\0',NULL,'2020-02-24 17:22:13.000'),('a44735ca-4ce9-4746-82d0-ce83f326184d','2019-05-22 21:17:15.000',_binary '\0',925,NULL,'2e327d88-4b2f-4bf0-94e4-04f017b6479e','e08fcf4f-567f-45d4-900c-0bf3152ce232','0aff1456-11ba-4df6-83bb-355b428d24bb',_binary '\0',NULL,'2020-02-24 17:22:13.000'),('a5f23351-8311-456f-9f68-8fe6a895a3fd','2019-02-22 20:50:47.000',_binary '\0',6075,NULL,'85c6715e-dc18-4368-ae59-fe9621d8a97a','d4ee9c69-2392-4f46-8909-07818d175c1c','5d48a209-b827-4d8f-bda6-79fb19b1a7b1',_binary '\0',NULL,'2020-02-24 17:22:13.000'),('a69ef357-a620-4f2a-b393-f6fd1d833ba4','2019-05-22 21:17:00.000',_binary '\0',17250,NULL,'2e327d88-4b2f-4bf0-94e4-04f017b6479e','d95e1143-c6e6-4bc7-9a66-16ca609d0a66','00689bdd-cab0-4e63-a4a2-0db736ef933b',_binary '\0',NULL,'2020-02-24 17:22:13.000'),('a6de1ea1-2af3-4459-a7e8-c5ef79ca394f','2019-02-22 20:43:01.000',_binary '\0',8425,NULL,'85c6715e-dc18-4368-ae59-fe9621d8a97a','4ddd48e2-87c3-46b4-867b-1afd137ad00f','759206e6-c5f4-44dc-b834-12b3421a68ba',_binary '\0',NULL,'2020-02-24 17:22:13.000'),('a727cd82-7e9a-49dd-bb60-84d26afceae7','2019-05-22 21:17:00.000',_binary '\0',17375,NULL,'2e327d88-4b2f-4bf0-94e4-04f017b6479e','d95e1143-c6e6-4bc7-9a66-16ca609d0a66','00689bdd-cab0-4e63-a4a2-0db736ef933b',_binary '\0',NULL,'2020-02-24 17:22:13.000'),('a76d1606-dd1c-4dda-ba78-a59cc0ab89ee','2020-06-04 18:06:57.431',_binary '\0',975,NULL,'5607d1a4-39b9-468d-bad6-bd9412fcae65','dc4154e8-eb56-4746-9da3-b74d5d12d1f1','588eb89f-de55-4374-b85c-9d048e5a180c',_binary '','','2020-06-04 18:06:57.431'),('a9c927af-b09a-418f-bcfa-763afdc5cdd3','2019-02-22 20:47:58.000',_binary '',250,'Bad quality','85c6715e-dc18-4368-ae59-fe9621d8a97a','a1e73b6b-b99a-4dc1-868a-2e31434e1963',NULL,_binary '\0',NULL,'2020-02-24 17:22:13.000'),('ac0c846e-be9a-4c0b-90bc-7dd2d5f0b0ae','2019-02-22 20:45:41.000',_binary '\0',200,NULL,'85c6715e-dc18-4368-ae59-fe9621d8a97a','86ff8f2f-42ea-42ef-aa08-2b5104a77085','98640e3e-97e5-46a6-ac84-5fdb6cfca519',_binary '\0',NULL,'2020-02-24 17:22:13.000'),('ac521967-726e-42d8-b6fd-4bb0a2e771c9','2019-02-22 20:45:50.000',_binary '\0',19175,NULL,'85c6715e-dc18-4368-ae59-fe9621d8a97a','86ff8f2f-42ea-42ef-aa08-2b5104a77085','83b3d301-7f84-453c-b908-121cf0b705f3',_binary '\0',NULL,'2020-02-24 17:22:13.000'),('afecabd9-afd5-4bf8-8d8a-4eda5fba3574','2019-02-22 20:45:36.000',_binary '',3175,'Bad quality','85c6715e-dc18-4368-ae59-fe9621d8a97a','8697cdf9-9d43-4600-bb4a-7a139a0b4bcb',NULL,_binary '\0',NULL,'2020-02-24 17:22:13.000'),('b136ccfa-61db-48aa-b5bf-b9d03a8c62a5','2019-02-22 20:45:48.000',_binary '\0',17700,NULL,'85c6715e-dc18-4368-ae59-fe9621d8a97a','86ff8f2f-42ea-42ef-aa08-2b5104a77085','efe6d5d0-2e17-484c-95c5-e520e579a41a',_binary '\0',NULL,'2020-02-24 17:22:13.000'),('b290fd83-c19f-4eba-8265-4f680651db24','2019-05-22 21:20:00.000',_binary '\0',7200,NULL,'2e327d88-4b2f-4bf0-94e4-04f017b6479e','a7c5274f-780d-48f6-89c1-50ad66979b59','5c4acfb8-8bd1-4284-ad99-122b4dbd3b3e',_binary '\0',NULL,'2020-02-24 17:22:13.000'),('b31415fe-d9f3-41c4-949f-d10219ccf38b','2019-02-22 20:41:24.000',_binary '\0',4050,NULL,'85c6715e-dc18-4368-ae59-fe9621d8a97a','14ef1f44-b9a4-466c-b503-1975a296fa49','a31d6252-0adb-4560-bcb8-0bf1fdd798b0',_binary '\0',NULL,'2020-02-24 17:22:13.000'),('b4a76e9a-85b6-4f9d-ba27-7e85e2dfff9a','2019-02-22 20:42:36.000',_binary '\0',325,NULL,'85c6715e-dc18-4368-ae59-fe9621d8a97a','3906225d-8090-4661-aada-bae00937ff75','87de9e85-6d0f-48ba-a428-38b0668c564a',_binary '\0',NULL,'2020-02-24 17:22:13.000'),('b6430f15-4bb4-48fa-80e3-c22a3528a766','2019-05-22 21:17:01.000',_binary '\0',17500,NULL,'2e327d88-4b2f-4bf0-94e4-04f017b6479e','d95e1143-c6e6-4bc7-9a66-16ca609d0a66','00689bdd-cab0-4e63-a4a2-0db736ef933b',_binary '\0',NULL,'2020-02-24 17:22:13.000'),('b8910e30-602e-4122-830a-d132a010a9ef','2019-05-22 21:19:20.000',_binary '\0',3650,NULL,'2e327d88-4b2f-4bf0-94e4-04f017b6479e','bf0cb4e8-52d9-4749-99b7-6461f9a8fa63','4acce8ac-019b-4211-b7df-9aea5cbf785f',_binary '\0',NULL,'2020-02-24 17:22:13.000'),('ba4e0f74-98e3-483e-86ac-42b3f9e1deda','2019-02-22 20:43:21.000',_binary '\0',10400,NULL,'85c6715e-dc18-4368-ae59-fe9621d8a97a','53e30e7d-73a0-45a2-9256-6405203fc4ef','c4144a98-ed8c-4a56-b08e-a4231ae6acf5',_binary '\0',NULL,'2020-02-24 17:22:13.000'),('baead96d-c7eb-470b-9b8c-c006db266ec0','2019-05-22 21:19:20.000',_binary '\0',3200,NULL,'2e327d88-4b2f-4bf0-94e4-04f017b6479e','bf0cb4e8-52d9-4749-99b7-6461f9a8fa63','4acce8ac-019b-4211-b7df-9aea5cbf785f',_binary '\0',NULL,'2020-02-24 17:22:13.000'),('bd2b64c1-98c1-4426-95b9-cd2e23f268da','2019-05-22 21:17:12.000',_binary '\0',1000,NULL,'2e327d88-4b2f-4bf0-94e4-04f017b6479e','e08fcf4f-567f-45d4-900c-0bf3152ce232','0aff1456-11ba-4df6-83bb-355b428d24bb',_binary '\0',NULL,'2020-02-24 17:22:13.000'),('bf220dd2-eecf-46d9-a68b-e0495e189ba7','2019-02-22 20:50:49.000',_binary '\0',16725,NULL,'85c6715e-dc18-4368-ae59-fe9621d8a97a','d4ee9c69-2392-4f46-8909-07818d175c1c','3213fe99-f774-4dc5-a12a-f69ffee8e17c',_binary '\0',NULL,'2020-02-24 17:22:13.000'),('bf2a5db3-a41c-4bbf-a731-307995384f24','2019-05-22 21:16:59.000',_binary '\0',17125,NULL,'2e327d88-4b2f-4bf0-94e4-04f017b6479e','d95e1143-c6e6-4bc7-9a66-16ca609d0a66','00689bdd-cab0-4e63-a4a2-0db736ef933b',_binary '\0',NULL,'2020-02-24 17:22:13.000'),('bf61f4d3-4cc6-492b-ab50-9b505cd65030','2019-05-22 21:17:00.000',_binary '\0',17175,NULL,'2e327d88-4b2f-4bf0-94e4-04f017b6479e','d95e1143-c6e6-4bc7-9a66-16ca609d0a66','00689bdd-cab0-4e63-a4a2-0db736ef933b',_binary '\0',NULL,'2020-02-24 17:22:13.000'),('bf9f397a-84b3-4894-a7cf-6961f355ba0d','2019-05-22 21:17:00.000',_binary '\0',17475,NULL,'2e327d88-4b2f-4bf0-94e4-04f017b6479e','d95e1143-c6e6-4bc7-9a66-16ca609d0a66','00689bdd-cab0-4e63-a4a2-0db736ef933b',_binary '\0',NULL,'2020-02-24 17:22:13.000'),('c1a4633a-c41b-48c8-80a4-3313e616de9d','2019-05-22 21:17:00.000',_binary '\0',17325,NULL,'2e327d88-4b2f-4bf0-94e4-04f017b6479e','d95e1143-c6e6-4bc7-9a66-16ca609d0a66','00689bdd-cab0-4e63-a4a2-0db736ef933b',_binary '\0',NULL,'2020-02-24 17:22:13.000'),('c219b3d9-03a2-4fa9-b5f8-db53f723bd7e','2019-02-22 20:49:52.000',_binary '\0',200,NULL,'85c6715e-dc18-4368-ae59-fe9621d8a97a','c3af7d54-5b06-4b3f-aa00-ca6cbc14d97e','a790d841-8ef8-490f-8b7d-5ac37c71ebbb',_binary '\0',NULL,'2020-02-24 17:22:13.000'),('c2298ada-fd43-4546-9bb8-20ea362eea38','2019-02-22 20:42:37.000',_binary '\0',9300,NULL,'85c6715e-dc18-4368-ae59-fe9621d8a97a','3906225d-8090-4661-aada-bae00937ff75','440cdc0e-e3df-4164-98bc-a8543ebe85b5',_binary '\0',NULL,'2020-02-24 17:22:13.000'),('c35ef4e7-4786-4161-8296-67b05ad91584','2019-02-22 20:45:56.000',_binary '',2200,'Bad quality','85c6715e-dc18-4368-ae59-fe9621d8a97a','8b6885a8-187f-4aa5-b04a-782d19266d42',NULL,_binary '\0',NULL,'2020-02-24 17:22:13.000'),('c8abca7d-8bd4-4faf-b5f0-fbafab47db6c','2019-02-22 20:43:21.000',_binary '',15775,'Not polyp','85c6715e-dc18-4368-ae59-fe9621d8a97a','53e30e7d-73a0-45a2-9256-6405203fc4ef',NULL,_binary '\0',NULL,'2020-02-24 17:22:13.000'),('ca53f8e7-9e57-44a7-ada7-405d34418fb4','2019-02-22 20:45:58.000',_binary '\0',2600,NULL,'85c6715e-dc18-4368-ae59-fe9621d8a97a','8b6885a8-187f-4aa5-b04a-782d19266d42','df07c55a-7d18-47e3-971a-e8ef375fdf92',_binary '\0',NULL,'2020-02-24 17:22:13.000'),('cc16579f-8ae4-4513-8de5-aaeb8489279b','2019-02-22 20:45:49.000',_binary '',18375,'Bad quality','85c6715e-dc18-4368-ae59-fe9621d8a97a','86ff8f2f-42ea-42ef-aa08-2b5104a77085',NULL,_binary '\0',NULL,'2020-02-24 17:22:13.000'),('ccd3f300-6693-4431-8619-aaba10e51d45','2019-05-22 21:19:20.000',_binary '',3550,'Not polyp','2e327d88-4b2f-4bf0-94e4-04f017b6479e','bf0cb4e8-52d9-4749-99b7-6461f9a8fa63',NULL,_binary '\0',NULL,'2020-02-24 17:22:13.000'),('cd132e21-be4c-4f2b-b57b-c850f8b8d100','2019-02-22 20:49:47.000',_binary '',3525,'Bad quality','85c6715e-dc18-4368-ae59-fe9621d8a97a','c3af7d54-5b06-4b3f-aa00-ca6cbc14d97e',NULL,_binary '\0',NULL,'2020-02-24 17:22:13.000'),('ced63128-4cc4-4a01-9c87-603c00c585cf','2019-05-22 21:16:59.000',_binary '\0',17075,NULL,'2e327d88-4b2f-4bf0-94e4-04f017b6479e','d95e1143-c6e6-4bc7-9a66-16ca609d0a66','00689bdd-cab0-4e63-a4a2-0db736ef933b',_binary '\0',NULL,'2020-02-24 17:22:13.000'),('d13d52a1-255d-46b0-b99a-098874008f5a','2019-02-22 20:45:42.000',_binary '\0',800,NULL,'85c6715e-dc18-4368-ae59-fe9621d8a97a','86ff8f2f-42ea-42ef-aa08-2b5104a77085','98640e3e-97e5-46a6-ac84-5fdb6cfca519',_binary '\0',NULL,'2020-02-24 17:22:13.000'),('d466a322-8ad6-4f54-8ac4-1ec13799c63c','2019-02-22 20:43:00.000',_binary '\0',8000,NULL,'85c6715e-dc18-4368-ae59-fe9621d8a97a','4ddd48e2-87c3-46b4-867b-1afd137ad00f',NULL,_binary '\0',NULL,'2020-02-24 17:22:13.000'),('d86d258f-8cb2-488b-859b-393e25b1449d','2019-02-22 20:49:50.000',_binary '',4625,'Bad quality','85c6715e-dc18-4368-ae59-fe9621d8a97a','c3af7d54-5b06-4b3f-aa00-ca6cbc14d97e',NULL,_binary '\0',NULL,'2020-02-24 17:22:13.000'),('d8aa4d88-26e5-4a3b-a433-459ae0980829','2019-02-22 20:43:01.000',_binary '\0',8300,NULL,'85c6715e-dc18-4368-ae59-fe9621d8a97a','4ddd48e2-87c3-46b4-867b-1afd137ad00f','759206e6-c5f4-44dc-b834-12b3421a68ba',_binary '\0',NULL,'2020-02-24 17:22:13.000'),('d999007a-103e-4a0b-830e-6f1dc6d59baf','2019-02-22 20:43:06.000',_binary '',11300,'Bad quality','85c6715e-dc18-4368-ae59-fe9621d8a97a','4ddd48e2-87c3-46b4-867b-1afd137ad00f',NULL,_binary '\0',NULL,'2020-02-24 17:22:13.000'),('d9e8251d-2f61-456a-9da1-4d8f429c0067','2019-05-22 21:17:14.000',_binary '\0',725,NULL,'2e327d88-4b2f-4bf0-94e4-04f017b6479e','e08fcf4f-567f-45d4-900c-0bf3152ce232','0aff1456-11ba-4df6-83bb-355b428d24bb',_binary '\0',NULL,'2020-02-24 17:22:13.000'),('db8b3775-3a06-4474-87b9-34af2deadbc3','2019-05-22 21:19:20.000',_binary '\0',3525,NULL,'2e327d88-4b2f-4bf0-94e4-04f017b6479e','bf0cb4e8-52d9-4749-99b7-6461f9a8fa63','4acce8ac-019b-4211-b7df-9aea5cbf785f',_binary '\0',NULL,'2020-02-24 17:22:13.000'),('dbe64336-23c4-4939-a106-6e6ac776fd5c','2019-02-22 20:42:39.000',_binary '',14450,'Bad quality','85c6715e-dc18-4368-ae59-fe9621d8a97a','3906225d-8090-4661-aada-bae00937ff75',NULL,_binary '\0',NULL,'2020-02-24 17:22:13.000'),('dc35cfe7-36b9-45d8-8b6c-622700510efd','2019-02-22 20:43:01.000',_binary '\0',8175,NULL,'85c6715e-dc18-4368-ae59-fe9621d8a97a','4ddd48e2-87c3-46b4-867b-1afd137ad00f','759206e6-c5f4-44dc-b834-12b3421a68ba',_binary '\0',NULL,'2020-02-24 17:22:13.000'),('dc988758-175d-4b36-829c-0f0d955cc138','2019-02-22 20:43:11.000',_binary '\0',3000,NULL,'85c6715e-dc18-4368-ae59-fe9621d8a97a','4ddd48e2-87c3-46b4-867b-1afd137ad00f','2b394672-7831-415d-b466-ea177fda5192',_binary '\0',NULL,'2020-02-24 17:22:13.000'),('dcb8fdde-3084-458d-950e-37b7988a5860','2020-06-04 18:03:24.195',_binary '\0',7950,NULL,'5607d1a4-39b9-468d-bad6-bd9412fcae65','4ddd48e2-87c3-46b4-867b-1afd137ad00f','759206e6-c5f4-44dc-b834-12b3421a68ba',_binary '','','2020-06-04 18:03:24.195'),('ddcf8e86-5e46-4587-a97a-4247d4dfde4e','2019-05-22 21:17:13.000',_binary '\0',1575,NULL,'2e327d88-4b2f-4bf0-94e4-04f017b6479e','e08fcf4f-567f-45d4-900c-0bf3152ce232','0aff1456-11ba-4df6-83bb-355b428d24bb',_binary '\0',NULL,'2020-02-24 17:22:13.000'),('ddee00a3-981c-421d-8370-c06401717667','2019-05-22 21:17:15.000',_binary '\0',975,NULL,'2e327d88-4b2f-4bf0-94e4-04f017b6479e','e08fcf4f-567f-45d4-900c-0bf3152ce232','0aff1456-11ba-4df6-83bb-355b428d24bb',_binary '\0',NULL,'2020-02-24 17:22:13.000'),('df4bf819-a979-457d-ae19-97920cdd7dfd','2019-02-22 20:42:36.000',_binary '\0',725,NULL,'85c6715e-dc18-4368-ae59-fe9621d8a97a','3906225d-8090-4661-aada-bae00937ff75','87de9e85-6d0f-48ba-a428-38b0668c564a',_binary '\0',NULL,'2020-02-24 17:22:13.000'),('e013bf83-e4da-45d9-92e5-1b9e6168cd55','2019-05-22 21:17:12.000',_binary '\0',1175,NULL,'2e327d88-4b2f-4bf0-94e4-04f017b6479e','e08fcf4f-567f-45d4-900c-0bf3152ce232','0aff1456-11ba-4df6-83bb-355b428d24bb',_binary '\0',NULL,'2020-02-24 17:22:13.000'),('e293bb37-8ea1-48da-8692-6a4c7efc86df','2019-02-22 20:45:41.000',_binary '',475,'Bad quality','85c6715e-dc18-4368-ae59-fe9621d8a97a','86ff8f2f-42ea-42ef-aa08-2b5104a77085',NULL,_binary '\0',NULL,'2020-02-24 17:22:13.000'),('e2b118dd-a352-429a-9fef-39e9e7059100','2019-05-22 21:17:13.000',_binary '\0',1425,NULL,'2e327d88-4b2f-4bf0-94e4-04f017b6479e','e08fcf4f-567f-45d4-900c-0bf3152ce232','0aff1456-11ba-4df6-83bb-355b428d24bb',_binary '\0',NULL,'2020-02-24 17:22:13.000'),('e3121f9f-f932-4b76-880f-f5213c2039ef','2019-02-22 20:43:23.000',_binary '\0',2000,NULL,'85c6715e-dc18-4368-ae59-fe9621d8a97a','53e30e7d-73a0-45a2-9256-6405203fc4ef','1091d72c-0778-4154-b766-af62dd928ee0',_binary '\0',NULL,'2020-02-24 17:22:13.000'),('e401f4b7-e06c-4bf4-8da7-936bf88e6ff9','2019-02-22 20:50:47.000',_binary '\0',11925,NULL,'85c6715e-dc18-4368-ae59-fe9621d8a97a','d4ee9c69-2392-4f46-8909-07818d175c1c','aa8d421b-e162-4e70-b215-9987e574400d',_binary '\0',NULL,'2020-02-24 17:22:13.000'),('e406a4a1-dd15-4d90-b638-1e3f830aa5d6','2019-05-22 21:20:00.000',_binary '\0',7250,NULL,'2e327d88-4b2f-4bf0-94e4-04f017b6479e','a7c5274f-780d-48f6-89c1-50ad66979b59','5c4acfb8-8bd1-4284-ad99-122b4dbd3b3e',_binary '\0',NULL,'2020-02-24 17:22:13.000'),('e45c80de-e6a1-4e9f-9e41-93dcb1107f84','2019-05-22 21:17:12.000',_binary '\0',1350,NULL,'2e327d88-4b2f-4bf0-94e4-04f017b6479e','e08fcf4f-567f-45d4-900c-0bf3152ce232','0aff1456-11ba-4df6-83bb-355b428d24bb',_binary '\0',NULL,'2020-02-24 17:22:13.000'),('e5740723-5b15-4309-9fd7-6c36de236ab9','2019-05-22 21:19:20.000',_binary '\0',3625,NULL,'2e327d88-4b2f-4bf0-94e4-04f017b6479e','bf0cb4e8-52d9-4749-99b7-6461f9a8fa63','4acce8ac-019b-4211-b7df-9aea5cbf785f',_binary '\0',NULL,'2020-02-24 17:22:13.000'),('e5f89016-2d04-4953-8d17-bf8b90337d4d','2019-02-22 20:49:51.000',_binary '\0',4950,NULL,'85c6715e-dc18-4368-ae59-fe9621d8a97a','c3af7d54-5b06-4b3f-aa00-ca6cbc14d97e','be83f272-eff0-4aa8-af45-be39007b0a78',_binary '\0',NULL,'2020-02-24 17:22:13.000'),('e6e0c5cb-c675-4b85-a7b5-09bad2570859','2019-02-22 20:49:48.000',_binary '\0',4125,NULL,'85c6715e-dc18-4368-ae59-fe9621d8a97a','c3af7d54-5b06-4b3f-aa00-ca6cbc14d97e','be83f272-eff0-4aa8-af45-be39007b0a78',_binary '\0',NULL,'2020-02-24 17:22:13.000'),('e7ad687d-eff7-486d-bacc-5ad8cdf43685','2019-05-22 21:19:20.000',_binary '\0',3300,NULL,'2e327d88-4b2f-4bf0-94e4-04f017b6479e','bf0cb4e8-52d9-4749-99b7-6461f9a8fa63','4acce8ac-019b-4211-b7df-9aea5cbf785f',_binary '\0',NULL,'2020-02-24 17:22:13.000'),('e7e26d5a-6573-489d-bae6-7d07f806b191','2019-02-22 20:42:41.000',_binary '',15250,'Bad quality','85c6715e-dc18-4368-ae59-fe9621d8a97a','3906225d-8090-4661-aada-bae00937ff75',NULL,_binary '\0',NULL,'2020-02-24 17:22:13.000'),('e8081e78-a593-4246-93c8-d89ad7977eca','2019-02-22 20:50:49.000',_binary '\0',16600,NULL,'85c6715e-dc18-4368-ae59-fe9621d8a97a','d4ee9c69-2392-4f46-8909-07818d175c1c','3213fe99-f774-4dc5-a12a-f69ffee8e17c',_binary '\0',NULL,'2020-02-24 17:22:13.000'),('e87d2741-4909-434e-8d4f-6d03a15f28ed','2019-02-22 20:45:45.000',_binary '\0',16250,NULL,'85c6715e-dc18-4368-ae59-fe9621d8a97a','86ff8f2f-42ea-42ef-aa08-2b5104a77085','6e5740f1-a336-416d-b2dc-242e87227e57',_binary '\0',NULL,'2020-02-24 17:22:13.000'),('eb264096-eba2-456f-9a39-6924e2f9ed0f','2019-05-22 21:20:00.000',_binary '\0',6925,NULL,'2e327d88-4b2f-4bf0-94e4-04f017b6479e','a7c5274f-780d-48f6-89c1-50ad66979b59','5c4acfb8-8bd1-4284-ad99-122b4dbd3b3e',_binary '\0',NULL,'2020-02-24 17:22:13.000'),('ed4bf909-2b91-43b2-93c8-32c9b0db014b','2019-02-22 20:45:44.000',_binary '',11175,'Bad quality','85c6715e-dc18-4368-ae59-fe9621d8a97a','86ff8f2f-42ea-42ef-aa08-2b5104a77085',NULL,_binary '\0',NULL,'2020-02-24 17:22:13.000'),('edfce2fe-347e-434a-8ffd-50afd4fb1e83','2019-05-22 21:17:00.000',_binary '\0',17400,NULL,'2e327d88-4b2f-4bf0-94e4-04f017b6479e','d95e1143-c6e6-4bc7-9a66-16ca609d0a66','00689bdd-cab0-4e63-a4a2-0db736ef933b',_binary '\0',NULL,'2020-02-24 17:22:13.000'),('f0529945-91ad-4c6c-848f-8beec0e3b939','2019-02-22 20:42:38.000',_binary '',14275,'Bad quality','85c6715e-dc18-4368-ae59-fe9621d8a97a','3906225d-8090-4661-aada-bae00937ff75',NULL,_binary '\0',NULL,'2020-02-24 17:22:13.000'),('f1c8df8c-608f-49ff-bada-8bdecf1f2764','2019-02-22 20:42:40.000',_binary '\0',15000,NULL,'85c6715e-dc18-4368-ae59-fe9621d8a97a','3906225d-8090-4661-aada-bae00937ff75','eba44072-b406-4e1c-b524-f764f0579103',_binary '\0',NULL,'2020-02-24 17:22:13.000'),('f3079031-ef33-4fef-bd4d-ded633919a4d','2019-02-22 20:45:35.000',_binary '',3050,'Not polyp','85c6715e-dc18-4368-ae59-fe9621d8a97a','8697cdf9-9d43-4600-bb4a-7a139a0b4bcb',NULL,_binary '\0',NULL,'2020-02-24 17:22:13.000'),('f3a51579-28ba-4d28-b601-523532b634fd','2019-05-22 21:17:14.000',_binary '\0',425,NULL,'2e327d88-4b2f-4bf0-94e4-04f017b6479e','e08fcf4f-567f-45d4-900c-0bf3152ce232','0aff1456-11ba-4df6-83bb-355b428d24bb',_binary '\0',NULL,'2020-02-24 17:22:13.000'),('f3f5e945-9f47-4d80-a45c-6661701065f7','2019-02-22 20:49:48.000',_binary '',3675,'Bad quality','85c6715e-dc18-4368-ae59-fe9621d8a97a','c3af7d54-5b06-4b3f-aa00-ca6cbc14d97e',NULL,_binary '\0',NULL,'2020-02-24 17:22:13.000'),('f5690ab6-b751-4255-895c-e9a1f805ef42','2019-02-22 20:41:25.000',_binary '\0',1625,NULL,'85c6715e-dc18-4368-ae59-fe9621d8a97a','14ef1f44-b9a4-466c-b503-1975a296fa49','1a5fa456-6ccb-48f5-902a-f49ec1499fb3',_binary '\0',NULL,'2020-02-24 17:22:13.000'),('f6654b79-7831-414a-bc26-7cbdf8c7cdfa','2019-02-22 20:50:47.000',_binary '',5800,'Not polyp','85c6715e-dc18-4368-ae59-fe9621d8a97a','d4ee9c69-2392-4f46-8909-07818d175c1c',NULL,_binary '\0',NULL,'2020-02-24 17:22:13.000'),('f881c199-81d3-49a4-94ea-818c2503c4a1','2019-05-22 21:17:12.000',_binary '\0',1025,NULL,'2e327d88-4b2f-4bf0-94e4-04f017b6479e','e08fcf4f-567f-45d4-900c-0bf3152ce232','0aff1456-11ba-4df6-83bb-355b428d24bb',_binary '\0',NULL,'2020-02-24 17:22:13.000'),('f948870c-aa3a-4ca8-9cfb-1ccecf4b0e00','2019-05-22 21:17:14.000',_binary '\0',1700,NULL,'2e327d88-4b2f-4bf0-94e4-04f017b6479e','e08fcf4f-567f-45d4-900c-0bf3152ce232','0aff1456-11ba-4df6-83bb-355b428d24bb',_binary '\0',NULL,'2020-02-24 17:22:13.000'),('f9918ae3-090e-4c0a-89c3-19b2b100bf6b','2019-02-22 20:50:44.000',_binary '\0',250,NULL,'85c6715e-dc18-4368-ae59-fe9621d8a97a','d4ee9c69-2392-4f46-8909-07818d175c1c',NULL,_binary '\0',NULL,'2020-02-24 17:22:13.000'),('fcd518a2-0c9c-42d6-b652-289db3a9a959','2019-02-22 20:45:57.000',_binary '\0',2475,NULL,'85c6715e-dc18-4368-ae59-fe9621d8a97a','8b6885a8-187f-4aa5-b04a-782d19266d42','df07c55a-7d18-47e3-971a-e8ef375fdf92',_binary '\0',NULL,'2020-02-24 17:22:13.000'),('fe99e3ba-4ddb-4703-ac5c-741f168f7099','2019-02-22 20:50:50.000',_binary '\0',17025,NULL,'85c6715e-dc18-4368-ae59-fe9621d8a97a','d4ee9c69-2392-4f46-8909-07818d175c1c','3213fe99-f774-4dc5-a12a-f69ffee8e17c',_binary '\0',NULL,'2020-02-24 17:22:13.000'),('ff295ec0-5dff-4b2a-883c-f17970cf57b4','2019-02-22 20:42:37.000',_binary '\0',9150,NULL,'85c6715e-dc18-4368-ae59-fe9621d8a97a','3906225d-8090-4661-aada-bae00937ff75','440cdc0e-e3df-4164-98bc-a8543ebe85b5',_binary '\0',NULL,'2020-02-24 17:22:13.000'),('ffc2f2ed-f5b0-455b-80d0-0d43f1dc0f37','2019-02-22 20:41:24.000',_binary '\0',1500,NULL,'85c6715e-dc18-4368-ae59-fe9621d8a97a','14ef1f44-b9a4-466c-b503-1975a296fa49','1a5fa456-6ccb-48f5-902a-f49ec1499fb3',_binary '\0',NULL,'2020-02-24 17:22:13.000');
/*!40000 ALTER TABLE `image` ENABLE KEYS */;
UNLOCK TABLES;

--
-- Table structure for table `modifier`
--

DROP TABLE IF EXISTS `modifier`;
/*!40101 SET @saved_cs_client     = @@character_set_client */;
/*!40101 SET character_set_client = utf8 */;
CREATE TABLE `modifier` (
  `id` varchar(255) NOT NULL,
  `name` varchar(255) NOT NULL,
  `creation_date` datetime(3) DEFAULT NULL,
  `update_date` datetime(3) DEFAULT NULL,
  PRIMARY KEY (`id`),
  UNIQUE KEY `UK_o3ytwwsm706hwu5cnmxwb61s7` (`name`)
) ENGINE=InnoDB DEFAULT CHARSET=latin1;
/*!40101 SET character_set_client = @saved_cs_client */;

--
-- Dumping data for table `modifier`
--

LOCK TABLES `modifier` WRITE;
/*!40000 ALTER TABLE `modifier` DISABLE KEYS */;
INSERT INTO `modifier` VALUES ('3456-4562','NBI','2018-12-04 14:45:23.000','2020-02-24 17:22:15.000'),('38ada468-6c4f-4a34-8d45-e154f40eb758','On-screen information','2018-12-04 14:46:23.000','2020-02-24 17:22:06.000'),('51b5c78a-e5db-4118-aea2-c5fe4c4c9e93','On-screen snapshot','2018-11-23 14:28:54.000','2020-02-24 17:22:13.000'),('8c321ecf-502d-4462-b44b-0cfc8f367bc6','Not polyp','2018-11-23 14:28:54.000','2020-02-24 17:22:15.000'),('a4942766-9415-41db-9702-2bbd07e58d48','Instrumental','2018-11-23 14:28:54.000','2020-02-24 17:22:15.000');
/*!40000 ALTER TABLE `modifier` ENABLE KEYS */;
UNLOCK TABLES;

--
-- Table structure for table `password_recovery`
--

DROP TABLE IF EXISTS `password_recovery`;
/*!40101 SET @saved_cs_client     = @@character_set_client */;
/*!40101 SET character_set_client = utf8 */;
CREATE TABLE `password_recovery` (
  `login` varchar(100) NOT NULL,
  `date` datetime NOT NULL,
  `uuid` varchar(255) NOT NULL,
  PRIMARY KEY (`login`)
) ENGINE=InnoDB DEFAULT CHARSET=latin1;
/*!40101 SET character_set_client = @saved_cs_client */;

--
-- Dumping data for table `password_recovery`
--

LOCK TABLES `password_recovery` WRITE;
/*!40000 ALTER TABLE `password_recovery` DISABLE KEYS */;
/*!40000 ALTER TABLE `password_recovery` ENABLE KEYS */;
UNLOCK TABLES;

--
-- Table structure for table `patient`
--

DROP TABLE IF EXISTS `patient`;
/*!40101 SET @saved_cs_client     = @@character_set_client */;
/*!40101 SET character_set_client = utf8 */;
CREATE TABLE `patient` (
  `id` varchar(255) NOT NULL,
  `birthdate` datetime DEFAULT NULL,
  `patientID` varchar(255) NOT NULL,
  `sex` varchar(255) DEFAULT NULL,
  `idSpace_id` varchar(255) DEFAULT NULL,
  `creation_date` datetime(3) DEFAULT NULL,
  `update_date` datetime(3) DEFAULT NULL,
  PRIMARY KEY (`id`),
  UNIQUE KEY `UKsrp8fqmubr994csw6ask0d6le` (`patientID`,`idSpace_id`),
  KEY `FKbj5xg16iucovnpfwtvncc8en1` (`idSpace_id`),
  CONSTRAINT `FKbj5xg16iucovnpfwtvncc8en1` FOREIGN KEY (`idSpace_id`) REFERENCES `idspace` (`id`)
) ENGINE=InnoDB DEFAULT CHARSET=latin1;
/*!40101 SET character_set_client = @saved_cs_client */;

--
-- Dumping data for table `patient`
--

LOCK TABLES `patient` WRITE;
/*!40000 ALTER TABLE `patient` DISABLE KEYS */;
INSERT INTO `patient` VALUES ('2a732239-57f2-4e01-818a-051350c2e15f','1962-11-15 23:00:00','b2f4b5ba94a1b19f18180c904ccf4832156c9ef9','FEMALE','0c11ae09-362d-43c7-a43b-4008d74f4fe4','2019-01-22 12:20:09.000','2020-02-24 17:22:06.000'),('2a970345-6a7c-467d-9836-3ee1157b1fa0','1948-01-02 23:00:00','29ff44239148899048dba68d5240cbf7e8b98b05','MALE','0c11ae09-362d-43c7-a43b-4008d74f4fe4','2019-10-18 10:38:13.000','2020-02-24 17:22:01.000'),('2e695755-d023-4187-9842-dc20a4da4982','1950-02-16 23:00:00','22386290b3beb0f0d6fa787769a9b7dd978ff406','FEMALE','0c11ae09-362d-43c7-a43b-4008d74f4fe4','2018-12-14 13:03:16.000','2020-02-24 17:22:10.000'),('45257ca5-4862-4410-97f8-a6749dd2550d','1946-08-15 22:00:00','8353cce3ece19c5145f4d3f9d02dedb243d64a50','MALE','0c11ae09-362d-43c7-a43b-4008d74f4fe4','2019-01-29 12:12:55.000','2020-02-24 17:22:02.000'),('5a267221-077d-4b3a-88d6-ea6d617af04d','1950-03-25 23:00:00','0d5d6763976fc71c54f723809b40d69307f72ea8','MALE','0c11ae09-362d-43c7-a43b-4008d74f4fe4','2018-11-23 14:28:54.000','2020-02-24 17:22:13.000'),('75d44621-9342-4be7-b6fe-bf5849d6f80c','1944-08-06 22:00:00','6a92723509d6f8712a95d6ef061bf5899ce4e596','MALE','0c11ae09-362d-43c7-a43b-4008d74f4fe4','2019-01-15 14:55:43.000','2020-02-24 17:21:58.000'),('7fd8b423-175a-4290-9d62-b8800e984d78','1949-02-28 23:00:00','b08728ff26dc7492914e3cd44707d7c556f015a4','MALE','0c11ae09-362d-43c7-a43b-4008d74f4fe4','2019-03-13 08:51:14.000','2020-02-24 17:22:12.000'),('832d5cfe-13fc-409c-979d-e6d8738f37e6','1946-05-30 22:00:00','654488955ba5c93079dd4c0adb360d74f31893d6','MALE','0c11ae09-362d-43c7-a43b-4008d74f4fe4','2018-12-04 14:45:23.000','2020-02-24 17:22:03.000'),('93725c22-0202-435d-ae60-8d8bf1df618e','1956-04-10 23:00:00','f796ec5655efe58770fd43cbb129df45fc4bb3bf','MALE','0c11ae09-362d-43c7-a43b-4008d74f4fe4','2019-01-22 12:16:31.000','2020-02-24 17:22:06.000'),('95d3f184-5614-4285-b236-6ecf0a27e720','1950-06-22 23:00:00','08f02845ac7c2a355ae524c27188846e69a3a89e','FEMALE','0c11ae09-362d-43c7-a43b-4008d74f4fe4','2019-10-17 08:58:03.000','2020-02-24 17:22:13.000'),('9e836b1b-9c53-4a6c-a5f0-162e984db03f','1958-01-23 23:00:00','d8fd4a140ee61a241d078da8d7a96f10c172a6bd','MALE','0c11ae09-362d-43c7-a43b-4008d74f4fe4','2019-10-17 09:22:37.000','2020-02-24 17:22:12.000'),('b83b11d6-8b73-4d5b-ac5f-40d7a3948a5a','1950-06-06 23:00:00','612a25d71967c449f6731de9ae13031a399464a7','MALE','0c11ae09-362d-43c7-a43b-4008d74f4fe4','2019-09-16 10:35:04.000','2020-02-24 17:22:08.000'),('bb7ba8d5-10d5-4710-81d0-2b56b40eee8c','1959-04-23 23:00:00','1f23cbe8b148267d8d44ad9b9f2ebd74d5605d39','MALE','0c11ae09-362d-43c7-a43b-4008d74f4fe4','2019-05-27 14:28:55.000','2020-02-24 17:22:08.000'),('bcfc075f-e2f5-4877-91f1-7fcdf0a70ada','1961-03-09 23:00:00','f588109c7c054add639ad03462c6b7006b820702','FEMALE','0c11ae09-362d-43c7-a43b-4008d74f4fe4','2019-02-21 09:06:14.000','2020-02-24 17:22:00.000'),('d5a75d73-00f9-4fb2-a94b-d83fddc06f9d','1956-08-27 23:00:00','62e530aa4ab05a0840e0ed056f6909173b946bef','MALE','0c11ae09-362d-43c7-a43b-4008d74f4fe4','2019-01-23 15:50:20.000','2020-02-24 17:22:04.000'),('da740693-9525-4325-8ccc-f368e1b40d6a','1955-04-06 23:00:00','ef1e419c51a64a4b9f54682076fd01267cb0b2e7','FEMALE','0c11ae09-362d-43c7-a43b-4008d74f4fe4','2019-01-24 13:21:49.000','2020-02-24 17:22:09.000'),('dee932d0-5283-4640-bb13-3792cb6c138d','1939-06-05 23:00:00','9c7f472a7ba7c47e3790268817bb2d45ef428ea7','MALE','0c11ae09-362d-43c7-a43b-4008d74f4fe4','2019-02-13 08:50:09.000','2020-02-24 17:22:06.000'),('e0963fcd-c8c9-430a-8c21-8bb88b5934a9','1966-09-24 23:00:00','83ab751b44adebb92409d461d7c6fc699d49db45','MALE','0c11ae09-362d-43c7-a43b-4008d74f4fe4','2019-09-20 09:03:54.000','2020-02-24 17:22:05.000'),('e58274d8-f0da-49c8-9989-8a6a5740790c','1956-03-08 23:00:00','6ded5fb79cbef25a1ccb953e02566491a964a007','MALE','0c11ae09-362d-43c7-a43b-4008d74f4fe4','2019-09-27 14:57:46.000','2020-02-24 17:21:58.000'),('f12b0d1b-1c65-41a3-aee4-96ea5c6678b4','1948-10-19 23:00:00','6da20334f372457cc3ed7b85928ea1e0088f6682','MALE','0c11ae09-362d-43c7-a43b-4008d74f4fe4','2020-02-24 10:22:02.000','2020-02-24 17:22:15.000');
/*!40000 ALTER TABLE `patient` ENABLE KEYS */;
UNLOCK TABLES;

--
-- Table structure for table `polyp`
--

DROP TABLE IF EXISTS `polyp`;
/*!40101 SET @saved_cs_client     = @@character_set_client */;
/*!40101 SET character_set_client = utf8 */;
CREATE TABLE `polyp` (
  `id` varchar(255) NOT NULL,
  `location` varchar(255) DEFAULT NULL,
  `lst` varchar(255) DEFAULT NULL,
  `name` varchar(255) NOT NULL,
  `nice` varchar(255) DEFAULT NULL,
  `observation` varchar(255) DEFAULT NULL,
  `paris_primary` varchar(255) DEFAULT NULL,
  `paris_secondary` varchar(255) DEFAULT NULL,
  `size` int(11) DEFAULT NULL,
  `wasp` varchar(255) DEFAULT NULL,
  `exploration_id` varchar(255) DEFAULT NULL,
  `histology_id` varchar(255) DEFAULT NULL,
  `confirmed` bit(1) DEFAULT b'0',
  `creation_date` datetime(3) DEFAULT NULL,
  `update_date` datetime(3) DEFAULT NULL,
  PRIMARY KEY (`id`),
  KEY `FKftme4iaq483pir4orguud9ogw` (`exploration_id`),
  KEY `FK9gkn9b6jytal22si0n5oex0mp` (`histology_id`),
  CONSTRAINT `FK9gkn9b6jytal22si0n5oex0mp` FOREIGN KEY (`histology_id`) REFERENCES `polyphistology` (`id`),
  CONSTRAINT `FKftme4iaq483pir4orguud9ogw` FOREIGN KEY (`exploration_id`) REFERENCES `exploration` (`id`)
) ENGINE=InnoDB DEFAULT CHARSET=latin1;
/*!40101 SET character_set_client = @saved_cs_client */;

--
-- Dumping data for table `polyp`
--

LOCK TABLES `polyp` WRITE;
/*!40000 ALTER TABLE `polyp` DISABLE KEYS */;
INSERT INTO `polyp` VALUES ('00689bdd-cab0-4e63-a4a2-0db736ef933b','ASCENDING_COLON',NULL,'Polyp 2',NULL,NULL,'SESSILE',NULL,6,NULL,'c4a2f8f2-47d2-425a-a255-910e88af07d5','8e68ea21-86a4-412e-b4e8-49326bf4faeb',_binary '','2019-03-13 08:51:14.000','2020-02-24 17:22:12.000'),('03524142-8b3b-49aa-8613-7b0f9b0cb66d','CECUM',NULL,'Polyp 1','TYPE_2',NULL,'SESSILE',NULL,2,NULL,'f0c02f78-c2b0-429a-85ed-2d39928809a8','87971752-0144-40ab-ad58-0f39a6392f95',_binary '','2019-10-17 09:05:07.000','2020-02-24 17:22:13.000'),('063792e9-2526-4b75-94ca-4372ab79c94c','DESCENDING_COLON',NULL,'Polyp 5','TYPE_1',NULL,'SESSILE',NULL,4,NULL,'ab258999-5d15-4d55-a091-181239b05713','073601dd-de9d-4453-bd85-bc19c5c17dd9',_binary '','2019-09-16 10:43:38.000','2020-02-24 17:22:08.000'),('06719ee8-1585-41e7-bf01-9e7684b2c38e','DESCENDING_COLON',NULL,'Polyp 10',NULL,NULL,'SESSILE',NULL,4,NULL,'b7776b4d-b832-4ad7-9cea-7473be64482f','cf6c06be-89df-4f2a-89dd-7cb322bb9d4f',_binary '\0','2019-01-24 13:21:49.000','2020-02-24 17:22:09.000'),('080c9389-9756-436e-9d92-be056051b176','SIGMOID',NULL,'Polyp 4','TYPE_1',NULL,'SESSILE',NULL,2,NULL,'3c81b829-0421-4f91-91a3-67c3b6a03191','70d8b842-2333-49bc-abf8-104258eefa08',_binary '','2020-02-24 10:22:02.000','2020-02-24 17:22:15.000'),('0859f763-d5c8-496a-8a24-f6ff4960889e','RECTUM',NULL,'Polyp 6','TYPE_1',NULL,'SLIGHTLY_ELEVATED',NULL,3,NULL,'577b7c26-4cf2-4ac5-818d-b0adfb33611a','11d8c7cc-3dd9-4b0b-86e2-2c29506b1460',_binary '\0','2018-12-04 14:46:23.000','2020-02-24 17:22:03.000'),('0aff1456-11ba-4df6-83bb-355b428d24bb','TRANSVERSE_COLON',NULL,'Polyp 1','TYPE_2',NULL,'SLIGHTLY_ELEVATED',NULL,4,'WASP_NEGATIVE','7db11f36-83f4-40eb-971a-191c691254f2','bb4f5492-adc2-47c4-9893-46573026ae04',_binary '\0','2019-01-22 12:16:31.000','2020-02-24 17:22:06.000'),('1091d72c-0778-4154-b766-af62dd928ee0','TRANSVERSE_COLON',NULL,'Polyp 4','TYPE_2',NULL,'SESSILE',NULL,4,NULL,'577b7c26-4cf2-4ac5-818d-b0adfb33611a','85d20cc3-5f42-4602-9484-6705a4db191d',_binary '\0','2018-12-04 14:46:23.000','2020-02-24 17:22:03.000'),('125a0656-4b5b-4d67-b735-ecd10b6af82b','RECTUM',NULL,'Polyp 11',NULL,NULL,'SESSILE',NULL,8,NULL,'b7776b4d-b832-4ad7-9cea-7473be64482f','6fdee514-69fa-40d2-bdde-7f32c19cedd5',_binary '\0','2019-01-24 13:21:49.000','2020-02-24 17:22:09.000'),('150aeaef-e250-40a0-9982-b8c01fb040f0','TRANSVERSE_COLON',NULL,'Polyp 2',NULL,NULL,NULL,NULL,4,NULL,'04266557-2a05-4e89-9867-ab2ab078db65','5c4c51b9-02e5-41d7-a4ef-4eb0345fb475',_binary '','2019-01-15 15:09:08.000','2020-02-24 17:21:58.000'),('16699751-0da4-4120-a96e-8c8deaef6d78','DESCENDING_COLON',NULL,'Polyp 8',NULL,NULL,'SESSILE',NULL,5,NULL,'606bf383-53b9-4885-8b88-ea873c5ba512','fa7912e6-aa24-4588-a860-dc4bd5432859',_binary '\0','2019-01-23 15:53:17.000','2020-02-24 17:22:03.000'),('1a5fa456-6ccb-48f5-902a-f49ec1499fb3','RECTUM',NULL,'Polyp 7',NULL,NULL,'SESSILE',NULL,1,NULL,'04266557-2a05-4e89-9867-ab2ab078db65','cd9ea518-f60f-4d6f-b492-8ebf8e59993b',_binary '','2019-01-15 14:55:43.000','2020-02-24 17:21:57.000'),('1bc4e60d-73db-47da-92f7-566be45a3cfe','DESCENDING_COLON',NULL,'Polyp 14',NULL,NULL,'SESSILE',NULL,4,NULL,'c4a2f8f2-47d2-425a-a255-910e88af07d5','4dae971f-4000-456f-9e4e-b4779a70944b',_binary '','2019-03-13 08:56:04.000','2020-02-24 17:22:11.000'),('1dd8e0f0-de02-4cc0-8712-ee6ae6e877a7','RECTUM',NULL,'Polyp 2','TYPE_2',NULL,'SESSILE',NULL,6,NULL,'be4291b4-e14c-4778-a6cc-c5fafe65ef77','13f47af4-fe55-44db-b3fc-cf63fde2d4a0',_binary '','2018-12-14 13:03:16.000','2020-02-24 17:22:10.000'),('1e8f4c2c-d81d-417e-909a-37d45809e5ff','TRANSVERSE_COLON',NULL,'Polyp 6',NULL,NULL,'SESSILE',NULL,6,NULL,'606bf383-53b9-4885-8b88-ea873c5ba512','3a2139a2-0a6e-491a-8568-3b25d5fa31c1',_binary '\0','2019-01-23 15:53:17.000','2020-02-24 17:22:03.000'),('20c47272-c58c-4604-9cea-7f96790b05a9','DESCENDING_COLON',NULL,'Polyp 3','TYPE_2',NULL,'PEDUNCULATED',NULL,3,NULL,'3c81b829-0421-4f91-91a3-67c3b6a03191','0e3105f4-098c-4228-8fb6-08adbecb4f29',_binary '','2020-02-24 10:22:03.000','2020-02-24 17:22:15.000'),('2293e33b-3721-4e4d-957b-2d8e57f7a15c','TRANSVERSE_COLON',NULL,'Polyp 1','TYPE_2',NULL,'PEDUNCULATED',NULL,2,NULL,'3c81b829-0421-4f91-91a3-67c3b6a03191','279abd2b-e7e1-496b-be20-323122023928',_binary '','2020-02-24 10:22:03.000','2020-02-24 17:22:15.000'),('233a7ac3-05b0-4a8c-9e35-3bf5104b25b7','DESCENDING_COLON',NULL,'Polyp 3','TYPE_2',NULL,'SESSILE',NULL,5,NULL,'dd7fe4ae-bfc3-4183-8ca5-166af59fc697','1a38ce16-1b59-4dc6-8842-e4043112cb62',_binary '\0','2018-11-23 14:38:51.000','2020-02-24 17:22:13.000'),('26fedfd0-8a92-4799-aafb-0d2de0c7fcee','TRANSVERSE_COLON',NULL,'Polyp 9',NULL,NULL,'SESSILE',NULL,4,NULL,'c4a2f8f2-47d2-425a-a255-910e88af07d5','c527b991-d67b-4da9-9209-3c5f863d4b20',_binary '','2019-03-13 08:54:18.000','2020-02-24 17:22:11.000'),('2b394672-7831-415d-b466-ea177fda5192','HEPATIC_FLEXURE',NULL,'Polyp 1','TYPE_2',NULL,'SESSILE',NULL,3,NULL,'577b7c26-4cf2-4ac5-818d-b0adfb33611a','27651cce-ee0b-44af-8250-3f694fc2cd67',_binary '\0','2018-12-04 14:45:23.000','2020-02-24 17:22:02.000'),('2cd1682f-a7bf-4aec-8ef9-e78d48156633','TRANSVERSE_COLON',NULL,'Polyp 4',NULL,NULL,'SESSILE',NULL,2,NULL,'606bf383-53b9-4885-8b88-ea873c5ba512','2d3737d5-af6f-42b1-a1d6-2d3ee08aa880',_binary '','2019-01-23 15:50:20.000','2020-02-24 17:22:04.000'),('3213fe99-f774-4dc5-a12a-f69ffee8e17c','TRANSVERSE_COLON',NULL,'Polyp 7',NULL,NULL,'SESSILE',NULL,2,NULL,'b7776b4d-b832-4ad7-9cea-7473be64482f','ee49dc92-ae66-4eda-a07b-912115c0ff06',_binary '\0','2019-01-24 13:24:15.000','2020-02-24 17:22:09.000'),('3277cb79-138b-41e3-97ee-6700420a7285','DESCENDING_COLON',NULL,'Polyp 10',NULL,NULL,'SESSILE',NULL,5,NULL,'c4a2f8f2-47d2-425a-a255-910e88af07d5','2eadb35c-6feb-4bf0-aa4e-640e310cca24',_binary '','2019-03-13 08:54:18.000','2020-02-24 17:22:11.000'),('33bde5a4-37ca-4928-a083-e00c683a148a','CECUM',NULL,'Polyp 1','TYPE_2',NULL,'SESSILE',NULL,2,NULL,'137bb13e-f3f4-4d6d-8a0e-ddd77f335a86','eb408777-32c4-441e-b687-32d38964c80e',_binary '\0','2019-09-27 14:57:46.000','2020-02-24 17:21:58.000'),('34b7efe5-b929-415a-a0a7-31eaa0e1dac7','TRANSVERSE_COLON',NULL,'Polyp 7',NULL,NULL,NULL,NULL,10,NULL,'359277bd-e41b-46f8-b93e-7eb0f5b61b84','3e2ff13c-2299-4593-a94d-e06f6e348004',_binary '\0','2019-10-18 12:31:54.000','2020-02-24 17:22:01.000'),('3ad23d73-7018-464c-904d-0686e3e06ef9','RECTUM',NULL,'Polyp 3',NULL,NULL,'SESSILE',NULL,13,NULL,'6b17e7f1-9b4a-4b75-8f5c-538b7711a339','79436d47-d761-4d97-8b9b-5376ce1b2b08',_binary '\0','2019-09-20 09:03:54.000','2020-02-24 17:22:05.000'),('3b9e19f8-a124-4f5c-a81c-21f29cf588a2','CECUM',NULL,'Polyp 3','TYPE_1',NULL,'SLIGHTLY_ELEVATED',NULL,2,NULL,'ab258999-5d15-4d55-a091-181239b05713','c629ef48-2701-47a8-82dc-552b87794eb4',_binary '','2019-09-16 10:43:38.000','2020-02-24 17:22:08.000'),('4168eaa4-6305-4556-afbd-b0ad25c6df44','TRANSVERSE_COLON',NULL,'Polyp 5',NULL,NULL,'SESSILE',NULL,3,NULL,'606bf383-53b9-4885-8b88-ea873c5ba512','76af39bc-03e1-4aaa-9bab-d9607791d37e',_binary '\0','2019-01-23 15:53:17.000','2020-02-24 17:22:03.000'),('440cdc0e-e3df-4164-98bc-a8543ebe85b5','DESCENDING_COLON',NULL,'Polyp 2','TYPE_1',NULL,'SLIGHTLY_ELEVATED',NULL,2,'WASP_NEGATIVE','6ea02f67-5efc-43e9-8c79-a3ab90b8a0ea','38c4f6ef-0778-4f14-a465-5654f4c182a8',_binary '\0','2019-01-22 12:20:09.000','2020-02-24 17:22:06.000'),('4acce8ac-019b-4211-b7df-9aea5cbf785f','HEPATIC_FLEXURE',NULL,'Polyp 3','TYPE_2',NULL,'SESSILE',NULL,5,NULL,'2f9ffde5-0c00-445c-8e47-bde2209b326c','b36cb844-40b4-4ea6-8831-6b4f92368ade',_binary '\0','2019-02-21 09:12:29.000','2020-02-24 17:22:00.000'),('4b22c1b0-d175-4342-a11c-48f5dd2d538f','ASCENDING_COLON',NULL,'Polyp 1','TYPE_2',NULL,'SESSILE',NULL,8,NULL,'2f9ffde5-0c00-445c-8e47-bde2209b326c','7495b5af-2ecb-4355-9268-1968b90e6261',_binary '\0','2019-02-21 09:06:14.000','2020-02-24 17:21:59.000'),('521324cc-2f3c-4e06-9f4a-b215182ac514','HEPATIC_FLEXURE',NULL,'Polyp 2','TYPE_2',NULL,'SESSILE',NULL,2,NULL,'8ceaee7f-d45a-44f1-89d6-e505f99f2808','1afc22f5-71f9-4e4f-9ac4-e48c8d2c9b4f',_binary '\0','2019-02-13 08:50:09.000','2020-02-24 17:22:06.000'),('53e6ad0b-99b7-4b64-8a49-16601a993333','RECTUM',NULL,'Polyp 1','TYPE_2','not retrieved','SESSILE',NULL,2,NULL,'be4291b4-e14c-4778-a6cc-c5fafe65ef77','d40c3570-16cf-4534-9c63-9d5dea84ab69',_binary '','2018-12-14 13:03:16.000','2020-02-24 17:22:10.000'),('53f3c515-0b21-424e-a547-10f30c110236','ASCENDING_COLON',NULL,'Polyp 3',NULL,NULL,'SESSILE',NULL,5,NULL,'606bf383-53b9-4885-8b88-ea873c5ba512','10ea27c8-5322-4d90-8400-eebbe64c0096',_binary '\0','2019-01-23 15:50:20.000','2020-02-24 17:22:04.000'),('5457ff13-8829-49b6-81b9-cecce8b63911','DESCENDING_COLON',NULL,'Polyp 9',NULL,NULL,'SESSILE',NULL,6,NULL,'606bf383-53b9-4885-8b88-ea873c5ba512','8148493e-ce01-4710-bae7-03c649ba00e6',_binary '\0','2019-01-23 15:53:19.000','2020-02-24 17:22:04.000'),('55bcd9af-49a9-4fae-9f62-142b1d6d0040','DESCENDING_COLON',NULL,'Polyp 13',NULL,NULL,'SESSILE',NULL,2,NULL,'c4a2f8f2-47d2-425a-a255-910e88af07d5','86d42ccd-852b-4ac9-85c5-35cc2ea84202',_binary '','2019-03-13 08:56:04.000','2020-02-24 17:22:11.000'),('588eb89f-de55-4374-b85c-9d048e5a180c','SIGMOID',NULL,'Polyp 4','TYPE_2',NULL,'PEDUNCULATED',NULL,12,NULL,'dd7fe4ae-bfc3-4183-8ca5-166af59fc697','ff2d77df-e902-4161-833e-8dee3edc5aeb',_binary '\0','2018-11-23 14:28:54.000','2020-02-24 17:22:13.000'),('5c4acfb8-8bd1-4284-ad99-122b4dbd3b3e','TRANSVERSE_COLON',NULL,'Polyp 5',NULL,NULL,'SLIGHTLY_ELEVATED',NULL,2,NULL,'c4a2f8f2-47d2-425a-a255-910e88af07d5','c605a472-7d02-461b-8b37-57fc0b6c9264',_binary '','2019-03-13 08:54:18.000','2020-02-24 17:22:11.000'),('5d48a209-b827-4d8f-bda6-79fb19b1a7b1','ASCENDING_COLON',NULL,'Polyp 4',NULL,NULL,'SESSILE',NULL,5,NULL,'b7776b4d-b832-4ad7-9cea-7473be64482f','2ece4a60-a7fb-4d2e-ad57-99778677c9e0',_binary '\0','2019-01-24 13:24:15.000','2020-02-24 17:22:09.000'),('6287e192-5310-4260-aa08-91cca9bfb8c7','CECUM',NULL,'Polyp 4','TYPE_1',NULL,'SLIGHTLY_ELEVATED',NULL,8,NULL,'ab258999-5d15-4d55-a091-181239b05713','6e44453e-03e9-4831-aa4f-ed770fbba9aa',_binary '','2019-09-16 10:43:38.000','2020-02-24 17:22:08.000'),('6473a645-3891-47b5-b0b9-e2f7f449743c','HEPATIC_FLEXURE',NULL,'Polyp 3','TYPE_1','not retrieved','SLIGHTLY_ELEVATED',NULL,2,NULL,'577b7c26-4cf2-4ac5-818d-b0adfb33611a','de58db9e-249f-470b-94a2-f6c50d8937e7',_binary '\0','2018-12-04 14:45:23.000','2020-02-24 17:22:02.000'),('65b163cd-3a92-4e87-a7fa-5584e6aa1461','DESCENDING_COLON',NULL,'Polyp 8',NULL,NULL,NULL,NULL,10,NULL,'359277bd-e41b-46f8-b93e-7eb0f5b61b84','cc7d266f-ac22-4fce-8705-6e9c93fbe0d3',_binary '\0','2019-10-18 12:31:54.000','2020-02-24 17:22:01.000'),('66685f16-d948-4fb3-a58e-88cdae158d3d','HEPATIC_FLEXURE',NULL,'Polyp 4',NULL,NULL,NULL,NULL,NULL,NULL,'359277bd-e41b-46f8-b93e-7eb0f5b61b84','350a9fb5-5fc6-47c1-902f-f1e38c483720',_binary '\0','2019-10-18 10:38:13.000','2020-02-24 17:22:01.000'),('6943be9c-47c0-4dbc-80c4-bfd5244d4f5f','SIGMOID',NULL,'Polyp 4','TYPE_1',NULL,'SLIGHTLY_ELEVATED',NULL,2,'WASP_NEGATIVE','6ea02f67-5efc-43e9-8c79-a3ab90b8a0ea','e8a2564a-548c-416a-bfa5-1edc7d2b45d2',_binary '\0','2019-01-22 12:20:09.000','2020-02-24 17:22:06.000'),('69e5ff9a-c286-4f9a-ac49-0a6da10e62c0','ASCENDING_COLON',NULL,'Polyp 1',NULL,NULL,NULL,NULL,NULL,NULL,'359277bd-e41b-46f8-b93e-7eb0f5b61b84','f8343b0b-4197-43c5-b992-cd969c6f562f',_binary '\0','2019-10-18 10:38:13.000','2020-02-24 17:22:01.000'),('6a993aa4-9274-4c19-aa12-6f01c80244c8','RECTUM',NULL,'Polyp 1','TYPE_2',NULL,'SESSILE',NULL,25,NULL,'b0ace4a5-bd1d-4d90-8c09-4666b78c03e1','0d92bedf-0d1b-4ab4-82a7-697d8a98b226',_binary '\0','2019-05-27 14:28:55.000','2020-02-24 17:22:08.000'),('6dfd25f7-9550-43cb-98db-8b3106bc0036','ASCENDING_COLON',NULL,'Polyp 3',NULL,NULL,NULL,NULL,NULL,NULL,'359277bd-e41b-46f8-b93e-7eb0f5b61b84','bbbd9835-ddd6-4730-95a7-431016bb2705',_binary '\0','2019-10-18 10:38:13.000','2020-02-24 17:22:01.000'),('6e0fc32d-4d5d-42ab-acf2-2830ce3cd33a','TRANSVERSE_COLON',NULL,'Polyp 7',NULL,NULL,'SESSILE',NULL,6,NULL,'c4a2f8f2-47d2-425a-a255-910e88af07d5','8967ab44-34f2-42e4-8c11-0abded95420c',_binary '','2019-03-13 08:54:18.000','2020-02-24 17:22:11.000'),('6e5740f1-a336-416d-b2dc-242e87227e57','RECTUM',NULL,'Polyp 3',NULL,NULL,'SESSILE',NULL,3,NULL,'04266557-2a05-4e89-9867-ab2ab078db65','0f8b122f-1298-431c-892a-5b1d39a8a35e',_binary '','2019-01-15 15:09:08.000','2020-02-24 17:21:58.000'),('6ef4e060-c506-4ddd-bd39-15f1ee0e1d48','HEPATIC_FLEXURE',NULL,'Polyp 3',NULL,NULL,'SESSILE',NULL,5,NULL,'c4a2f8f2-47d2-425a-a255-910e88af07d5','8b672403-2180-4dbc-b2f7-c7daf0ef77e6',_binary '','2019-03-13 08:54:18.000','2020-02-24 17:22:11.000'),('759206e6-c5f4-44dc-b834-12b3421a68ba','HEPATIC_FLEXURE',NULL,'Polyp 2','TYPE_2',NULL,'SESSILE',NULL,5,NULL,'577b7c26-4cf2-4ac5-818d-b0adfb33611a','724f5670-98f8-45d5-a72d-45f81aa0ddee',_binary '\0','2018-12-04 14:45:23.000','2020-02-24 17:22:02.000'),('76e1eb01-1922-451f-a48a-e6524e897611','TRANSVERSE_COLON',NULL,'Polyp 6',NULL,NULL,'SESSILE',NULL,6,NULL,'c4a2f8f2-47d2-425a-a255-910e88af07d5','0a3d5477-b6b5-4886-8571-81c1779ca1c9',_binary '','2019-03-13 08:54:18.000','2020-02-24 17:22:11.000'),('7891a1a0-2562-4e5d-82d4-485f1933d38c','TRANSVERSE_COLON',NULL,'Polyp 8',NULL,NULL,'SESSILE',NULL,4,NULL,'c4a2f8f2-47d2-425a-a255-910e88af07d5','30efc4b5-6af3-4ab8-8b64-3ea550f25918',_binary '','2019-03-13 08:54:18.000','2020-02-24 17:22:11.000'),('7aabc31b-98f7-4c15-ac9a-dec26268126e','ASCENDING_COLON',NULL,'Polyp 1',NULL,NULL,'SESSILE',NULL,5,NULL,'b7776b4d-b832-4ad7-9cea-7473be64482f','6cdc7183-544f-4699-9374-a3c351479993',_binary '\0','2019-01-24 13:24:15.000','2020-02-24 17:22:09.000'),('7e0c751a-9e37-4ac8-be0e-82bfc2a12b1e','ASCENDING_COLON',NULL,'Polyp 1',NULL,NULL,'SESSILE',NULL,8,NULL,'c4a2f8f2-47d2-425a-a255-910e88af07d5','e5d17462-b827-43fd-9d75-a6ae9d874c90',_binary '','2019-03-13 08:51:14.000','2020-02-24 17:22:12.000'),('7facc8fb-c26c-4497-9774-ba75789ceaae','RECTUM',NULL,'Polyp 15',NULL,NULL,NULL,NULL,50,NULL,'c4a2f8f2-47d2-425a-a255-910e88af07d5','59e837ab-8731-4c47-a0d5-9b53fa083fd9',_binary '','2019-03-13 08:56:04.000','2020-02-24 17:22:11.000'),('83b3d301-7f84-453c-b908-121cf0b705f3','RECTUM',NULL,'Polyp 5',NULL,NULL,'SESSILE',NULL,2,NULL,'04266557-2a05-4e89-9867-ab2ab078db65','1a479474-7533-453f-a3e8-12158a9c2f1d',_binary '','2019-01-15 15:09:08.000','2020-02-24 17:21:58.000'),('87de9e85-6d0f-48ba-a428-38b0668c564a','TRANSVERSE_COLON',NULL,'Polyp 1','TYPE_1',NULL,'SLIGHTLY_ELEVATED',NULL,2,'WASP_NEGATIVE','6ea02f67-5efc-43e9-8c79-a3ab90b8a0ea','c49fc1a7-0718-478d-8247-cd2eb83cb2ce',_binary '\0','2019-01-22 12:20:09.000','2020-02-24 17:22:06.000'),('8c485c96-69a5-4f16-b766-b0d820358c10','HEPATIC_FLEXURE',NULL,'Polyp 2','TYPE_2',NULL,'SESSILE',NULL,4,NULL,'137bb13e-f3f4-4d6d-8a0e-ddd77f335a86','e2aaa67a-1a1c-4904-b697-2ed891731e8c',_binary '\0','2019-09-27 14:57:46.000','2020-02-24 17:21:58.000'),('8d41a1fb-5d17-4bad-90cf-b6f1b6cd6b46','HEPATIC_FLEXURE',NULL,'Polyp 4','TYPE_1',NULL,'SESSILE',NULL,2,NULL,'2f9ffde5-0c00-445c-8e47-bde2209b326c','2e88a7ab-76c6-4765-9f59-e98b613fe8d0',_binary '\0','2019-02-21 09:12:29.000','2020-02-24 17:22:00.000'),('8fd6f6c7-d241-4542-ae6e-bfdac64b038c','DESCENDING_COLON',NULL,'Polyp 2','TYPE_2',NULL,'PEDUNCULATED',NULL,8,NULL,'dd7fe4ae-bfc3-4183-8ca5-166af59fc697','d6aba0a7-a672-4f02-b565-cf8f304fbbde',_binary '\0','2018-11-23 14:38:51.000','2020-02-24 17:22:13.000'),('93cc3511-dd5c-4812-9666-7e2b443f4bb6','SIGMOID',NULL,'Polyp 6','TYPE_2',NULL,'SESSILE',NULL,4,NULL,'ab258999-5d15-4d55-a091-181239b05713','0afc5dd9-6098-4b8c-a768-64ef3efc7765',_binary '','2019-09-16 10:46:10.000','2020-02-24 17:22:07.000'),('93d44ede-50eb-4d85-8b79-c6449b1b15ea','HEPATIC_FLEXURE',NULL,'Polyp 6',NULL,NULL,'SESSILE',NULL,5,NULL,'b7776b4d-b832-4ad7-9cea-7473be64482f','8bf6cc1b-6eb2-4f78-a1dc-5420865d60c1',_binary '\0','2019-01-24 13:24:15.000','2020-02-24 17:22:09.000'),('96c67fec-0062-47fc-9d93-7b22c1e9f163','RECTUM',NULL,'Polyp 3','TYPE_1',NULL,'SESSILE',NULL,2,NULL,'d549f547-6a77-4439-bf78-19992ad1adb0','6f86ebc4-9197-4d50-af6e-234ef28ac42c',_binary '\0','2019-10-17 09:22:37.000','2020-02-24 17:22:12.000'),('98640e3e-97e5-46a6-ac84-5fdb6cfca519','CECUM',NULL,'Polyp 1',NULL,NULL,NULL,NULL,2,NULL,'04266557-2a05-4e89-9867-ab2ab078db65','c58fa213-5737-4d9f-a7d9-5c5edc9af0b7',_binary '','2019-01-15 15:09:08.000','2020-02-24 17:21:58.000'),('9ad7e8d6-4801-4ca5-9990-2929b6e5eee8','SIGMOID',NULL,'Polyp 5','TYPE_2',NULL,'SESSILE',NULL,3,NULL,'2f9ffde5-0c00-445c-8e47-bde2209b326c','c0fd295b-44b2-4f8d-a836-3beffa7e1fef',_binary '\0','2019-02-21 09:23:56.000','2020-02-24 17:22:00.000'),('9b9f2d06-f40b-442f-8aab-962762006fea','DESCENDING_COLON',NULL,'Polyp 10',NULL,NULL,'SESSILE',NULL,5,NULL,'606bf383-53b9-4885-8b88-ea873c5ba512','74b6b9f9-c79c-4a33-8132-5ec4bdd9cf4f',_binary '\0','2019-01-23 15:53:19.000','2020-02-24 17:22:04.000'),('9c032228-85bf-40bc-947c-da0c3288c0cc','DESCENDING_COLON',NULL,'Polyp 9',NULL,NULL,NULL,NULL,5,NULL,'359277bd-e41b-46f8-b93e-7eb0f5b61b84','a2967325-126e-4b2c-b6c0-12344245200b',_binary '\0','2019-10-18 12:31:54.000','2020-02-24 17:22:01.000'),('9d10bb13-8b4f-4e65-a6c9-022116d3e1bf','TRANSVERSE_COLON',NULL,'Polyp 8',NULL,NULL,'SESSILE',NULL,3,NULL,'b7776b4d-b832-4ad7-9cea-7473be64482f','d57971c3-fc18-440f-a563-62a5bbb3a9fc',_binary '\0','2019-01-24 13:24:15.000','2020-02-24 17:22:09.000'),('9d6763b6-5dc3-46b2-93d8-f851428d2462','ASCENDING_COLON',NULL,'Polyp 1','TYPE_1',NULL,'SESSILE',NULL,4,NULL,'8ceaee7f-d45a-44f1-89d6-e505f99f2808','7b42cad3-14bd-4578-8dd3-3227a7baef31',_binary '\0','2019-02-13 08:50:09.000','2020-02-24 17:22:06.000'),('9de55de1-a550-4229-99e6-0b596b0af5d5','TRANSVERSE_COLON',NULL,'Polyp 6',NULL,NULL,NULL,NULL,3,NULL,'359277bd-e41b-46f8-b93e-7eb0f5b61b84','2ee609de-b56a-42b6-a81c-8c58a897cc41',_binary '\0','2019-10-18 12:31:54.000','2020-02-24 17:22:01.000'),('a0e61f98-6a2a-458d-b149-cec328ee6e05','ASCENDING_COLON',NULL,'Polyp 3',NULL,NULL,'SESSILE',NULL,5,NULL,'b7776b4d-b832-4ad7-9cea-7473be64482f','1f655e80-8d56-463f-a17c-ab2849736894',_binary '\0','2019-01-24 13:24:15.000','2020-02-24 17:22:09.000'),('a31d6252-0adb-4560-bcb8-0bf1fdd798b0','RECTUM',NULL,'Polyp 8',NULL,NULL,'SESSILE',NULL,2,NULL,'04266557-2a05-4e89-9867-ab2ab078db65','609e2956-9e85-4d38-9eec-9740362edf4d',_binary '','2019-01-15 14:55:43.000','2020-02-24 17:21:57.000'),('a3417d9d-2514-4a89-bf7a-d9d518e0e552','SIGMOID',NULL,'Polyp 2','TYPE_2',NULL,'PEDUNCULATED',NULL,4,NULL,'d549f547-6a77-4439-bf78-19992ad1adb0','7f6f52f2-ea66-4cf5-8a86-8801eaa998b3',_binary '\0','2019-10-17 09:22:37.000','2020-02-24 17:22:12.000'),('a5e78296-3246-4fc2-bafe-b5ae62e2c774','ASCENDING_COLON',NULL,'Polyp 2',NULL,NULL,'SESSILE',NULL,5,NULL,'b7776b4d-b832-4ad7-9cea-7473be64482f','7d3d0419-fa26-45a7-9cce-a1d93d279505',_binary '\0','2019-01-24 13:24:15.000','2020-02-24 17:22:09.000'),('a790d841-8ef8-490f-8b7d-5ac37c71ebbb','CECUM',NULL,'Polyp 1',NULL,NULL,'SESSILE',NULL,4,NULL,'606bf383-53b9-4885-8b88-ea873c5ba512','e2d8bbcb-218b-4886-8a64-61b6823edf8a',_binary '','2019-01-23 15:50:20.000','2020-02-24 17:22:04.000'),('aa8d421b-e162-4e70-b215-9987e574400d','HEPATIC_FLEXURE',NULL,'Polyp 5',NULL,NULL,'SESSILE',NULL,3,NULL,'b7776b4d-b832-4ad7-9cea-7473be64482f','b4dc02e1-a971-4c47-b0b2-7b37ced082b1',_binary '\0','2019-01-24 13:24:15.000','2020-02-24 17:22:09.000'),('af63a22e-2d26-4dac-909a-ac564f36d24f','TRANSVERSE_COLON',NULL,'Polyp 2','TYPE_1',NULL,'SLIGHTLY_ELEVATED',NULL,2,NULL,'3c81b829-0421-4f91-91a3-67c3b6a03191','8570483a-f128-4429-a8f1-ba029f6a382c',_binary '','2020-02-24 10:22:03.000','2020-02-24 17:22:15.000'),('b3dc5acf-52d1-48c2-a31d-cad0700a20b6','DESCENDING_COLON',NULL,'Polyp 11',NULL,NULL,'SESSILE',NULL,6,NULL,'c4a2f8f2-47d2-425a-a255-910e88af07d5','fced9cfe-da00-4893-9f17-a9373e488a93',_binary '','2019-03-13 08:54:18.000','2020-02-24 17:22:11.000'),('b7f64ebb-5b2f-490a-86c8-aea0e46e0c68','ASCENDING_COLON',NULL,'Polyp 2','TYPE_2',NULL,'PEDUNCULATED',NULL,12,NULL,'2f9ffde5-0c00-445c-8e47-bde2209b326c','95378182-8ab7-40ea-87b3-b83f1c273024',_binary '\0','2019-02-21 09:12:29.000','2020-02-24 17:22:00.000'),('baf3cbad-f467-404f-ac1c-8213354a7eb2','RECTUM',NULL,'Polyp 6',NULL,NULL,'SESSILE',NULL,4,NULL,'04266557-2a05-4e89-9867-ab2ab078db65','cb5d1e8b-42a4-43e3-9e51-e1edee5ad8f3',_binary '','2019-01-15 14:55:43.000','2020-02-24 17:21:57.000'),('be83f272-eff0-4aa8-af45-be39007b0a78','ASCENDING_COLON',NULL,'Polyp 2',NULL,NULL,'SESSILE',NULL,5,NULL,'606bf383-53b9-4885-8b88-ea873c5ba512','bc172755-ea61-4195-baa5-54157c957037',_binary '\0','2019-01-23 15:50:20.000','2020-02-24 17:22:04.000'),('c1638b90-4cd9-475f-992d-7e0113071572','DESCENDING_COLON',NULL,'Polyp 7',NULL,NULL,'SESSILE',NULL,2,NULL,'606bf383-53b9-4885-8b88-ea873c5ba512','1ef0950f-fc7a-4c35-a57a-f47fc460676b',_binary '\0','2019-01-23 15:53:17.000','2020-02-24 17:22:03.000'),('c38efcc4-a0d1-44c4-a165-4495cb935e61','RECTUM',NULL,'Polyp 6','TYPE_1',NULL,'SLIGHTLY_ELEVATED',NULL,2,NULL,'3c81b829-0421-4f91-91a3-67c3b6a03191','149056bc-5425-41ad-b87d-e87c407aff85',_binary '','2020-02-24 10:22:02.000','2020-02-24 17:22:15.000'),('c4144a98-ed8c-4a56-b08e-a4231ae6acf5','SIGMOID',NULL,'Polyp 5','TYPE_2',NULL,'PEDUNCULATED',NULL,5,NULL,'577b7c26-4cf2-4ac5-818d-b0adfb33611a','ccd9d810-d908-4efc-968f-0953e721aa86',_binary '\0','2018-12-04 14:46:23.000','2020-02-24 17:22:03.000'),('c5bc5777-573a-409e-983b-28996e6b2c33','DESCENDING_COLON',NULL,'Polyp 12',NULL,NULL,'SESSILE',NULL,5,NULL,'c4a2f8f2-47d2-425a-a255-910e88af07d5','1bb8e2ae-8b8d-4649-b6f3-1056a6279d81',_binary '','2019-03-13 08:56:04.000','2020-02-24 17:22:11.000'),('c9336bc7-8d44-42da-87c9-89a51016904e','HEPATIC_FLEXURE',NULL,'Polyp 5',NULL,NULL,NULL,NULL,NULL,NULL,'359277bd-e41b-46f8-b93e-7eb0f5b61b84','8104254d-9bde-4560-a711-381f43036ac3',_binary '\0','2019-10-18 10:38:13.000','2020-02-24 17:22:01.000'),('ca7111f8-4e74-465d-bcf3-557a4eff4fe3','TRANSVERSE_COLON',NULL,'Polyp 1','TYPE_2',NULL,'SESSILE',NULL,2,NULL,'d549f547-6a77-4439-bf78-19992ad1adb0','a0a4c5b8-e54f-43f3-9ef0-9401b7754100',_binary '\0','2019-10-17 09:22:37.000','2020-02-24 17:22:12.000'),('ccc78dec-74e1-427e-a57e-790bfaf8a17c','CECUM',NULL,'Polyp 1','TYPE_1',NULL,'SLIGHTLY_ELEVATED',NULL,4,NULL,'ab258999-5d15-4d55-a091-181239b05713','be196da2-79f9-4a0c-af0c-c026a856c411',_binary '','2019-09-16 10:43:38.000','2020-02-24 17:22:08.000'),('d4bccfd6-fd22-4d7b-b10c-2589006fdbf5','ASCENDING_COLON',NULL,'Polyp 2',NULL,NULL,NULL,NULL,8,NULL,'6b17e7f1-9b4a-4b75-8f5c-538b7711a339','e47c84a8-7188-407c-9f54-b0a857e120af',_binary '\0','2019-09-20 09:03:54.000','2020-02-24 17:22:05.000'),('d7684e84-7141-47bb-97b1-b96f57c91e1b','DESCENDING_COLON',NULL,'Polyp 9',NULL,NULL,'SESSILE',NULL,2,NULL,'b7776b4d-b832-4ad7-9cea-7473be64482f','ce63ab12-04dd-4639-bc71-c49533fb6094',_binary '\0','2019-01-24 13:21:49.000','2020-02-24 17:22:09.000'),('ddb26d88-f201-46dd-9138-3d0ee03bb363','RECTUM',NULL,'Polyp 5','TYPE_2',NULL,'PEDUNCULATED',NULL,15,NULL,'3c81b829-0421-4f91-91a3-67c3b6a03191','f7dbbfec-097e-42b6-801f-5bc7137e9a50',_binary '','2020-02-24 10:22:02.000','2020-02-24 17:22:15.000'),('df07c55a-7d18-47e3-971a-e8ef375fdf92','TRANSVERSE_COLON',NULL,'Polyp 1','TYPE_1',NULL,'SESSILE',NULL,2,NULL,'385c15b6-cb88-45a8-bfb3-46440b085f4d','4eb2eeb6-e136-4b50-b538-3e9b8bc6cbe5',_binary '\0','2019-01-29 12:12:55.000','2020-02-24 17:22:02.000'),('df7fa4cf-c7da-4593-a82a-627dfe9c889b','ASCENDING_COLON',NULL,'Polyp 1',NULL,NULL,'SESSILE',NULL,3,NULL,'6b17e7f1-9b4a-4b75-8f5c-538b7711a339','e2a14cdd-aa67-4f70-8d2d-94bf25553355',_binary '\0','2019-09-20 09:03:54.000','2020-02-24 17:22:05.000'),('e60834bf-66b0-4f03-a39d-9347e5fd0dfd','DESCENDING_COLON',NULL,'Polyp 2','TYPE_2',NULL,'SESSILE',NULL,2,NULL,'f0c02f78-c2b0-429a-85ed-2d39928809a8','ad1620cb-be39-43d1-9583-0ddb0a1ce831',_binary '','2019-10-17 09:05:07.000','2020-02-24 17:22:13.000'),('e88adec0-fdac-4d00-888f-48416c9448c9','RECTUM',NULL,'Polyp 4','TYPE_2',NULL,'SESSILE',NULL,2,NULL,'f0c02f78-c2b0-429a-85ed-2d39928809a8','a4e39b11-09c4-45ca-97ea-7af480a34c1d',_binary '','2019-10-17 08:58:03.000','2020-02-24 17:22:13.000'),('eba44072-b406-4e1c-b524-f764f0579103','SIGMOID',NULL,'Polyp 3','TYPE_1',NULL,'SLIGHTLY_ELEVATED',NULL,2,'WASP_NEGATIVE','6ea02f67-5efc-43e9-8c79-a3ab90b8a0ea','19f70d57-db52-4eba-aa0d-c3fa11fa8961',_binary '\0','2019-01-22 12:20:09.000','2020-02-24 17:22:06.000'),('efe6d5d0-2e17-484c-95c5-e520e579a41a','RECTUM',NULL,'Polyp 4',NULL,NULL,'SESSILE',NULL,4,NULL,'04266557-2a05-4e89-9867-ab2ab078db65','77529d5b-8b6d-492b-b1f5-d545e746cdef',_binary '','2019-01-15 15:09:08.000','2020-02-24 17:21:58.000'),('f05a544d-af71-4b7d-bb54-2209cd84391f',NULL,NULL,'Polyp 12',NULL,NULL,NULL,NULL,NULL,NULL,'b7776b4d-b832-4ad7-9cea-7473be64482f','e0abd10d-d4ac-4aa6-a381-0bec71bfc68d',_binary '\0','2019-01-24 13:21:49.000','2020-02-24 17:22:09.000'),('f2101afb-e3c2-491d-9afe-b9b955745939',NULL,NULL,'Polyp 7',NULL,NULL,NULL,NULL,NULL,NULL,'ab258999-5d15-4d55-a091-181239b05713','1823d797-3fa0-49ab-8afc-72bf52872f10',_binary '','2019-09-16 10:35:04.000','2020-02-24 17:22:08.000'),('f25b8d33-4eb3-4f2b-8791-0f7fcef7e540','CECUM',NULL,'Polyp 2','TYPE_1',NULL,'SLIGHTLY_ELEVATED',NULL,2,NULL,'ab258999-5d15-4d55-a091-181239b05713','dc17b677-1aa2-4ac5-80d7-c88515ab8834',_binary '','2019-09-16 10:43:38.000','2020-02-24 17:22:08.000'),('f2a1defd-26fd-4926-b5db-1973dd6a803b','ASCENDING_COLON',NULL,'Polyp 1','TYPE_2',NULL,'SESSILE',NULL,4,NULL,'dd7fe4ae-bfc3-4183-8ca5-166af59fc697','4627a449-c89b-4966-be3b-df459921e4ed',_binary '\0','2018-11-23 14:38:51.000','2020-02-24 17:22:13.000'),('f478a578-c482-49ba-85ed-b6e49a04aeab','SIGMOID',NULL,'Polyp 3','TYPE_1',NULL,'SESSILE',NULL,4,NULL,'f0c02f78-c2b0-429a-85ed-2d39928809a8','4aa51054-f1bf-47b5-b76b-44a33a917bf9',_binary '','2019-10-17 09:05:07.000','2020-02-24 17:22:13.000'),('f49b5b6f-3f17-4e69-ba2a-665ffce1bbfb','ASCENDING_COLON',NULL,'Polyp 2',NULL,NULL,NULL,NULL,NULL,NULL,'359277bd-e41b-46f8-b93e-7eb0f5b61b84','8d384588-773e-466a-8c8c-b53b541e9b98',_binary '\0','2019-10-18 10:38:13.000','2020-02-24 17:22:01.000'),('f4eac7d0-7e81-4ab1-9678-e64d2bc440af','TRANSVERSE_COLON',NULL,'Polyp 4',NULL,NULL,'SESSILE',NULL,3,NULL,'c4a2f8f2-47d2-425a-a255-910e88af07d5','85832006-56c3-4231-95ef-0c5f0919f435',_binary '','2019-03-13 08:54:18.000','2020-02-24 17:22:11.000'),('fc3ad08f-0071-4965-a6cf-38e931ddc633','TRANSVERSE_COLON',NULL,'Polyp 2','TYPE_2',NULL,'PEDUNCULATED',NULL,15,'WASP_NEGATIVE','7db11f36-83f4-40eb-971a-191c691254f2','edc0ab90-30dd-4b82-b043-37944bbc5bd0',_binary '\0','2019-01-22 12:16:31.000','2020-02-24 17:22:06.000');
/*!40000 ALTER TABLE `polyp` ENABLE KEYS */;
UNLOCK TABLES;

--
-- Table structure for table `polypdataset`
--

DROP TABLE IF EXISTS `polypdataset`;
/*!40101 SET @saved_cs_client     = @@character_set_client */;
/*!40101 SET character_set_client = utf8 */;
CREATE TABLE `polypdataset` (
  `id` varchar(255) NOT NULL,
  `creation_date` datetime(3) DEFAULT NULL,
  `title` varchar(255) NOT NULL,
  `update_date` datetime(3) DEFAULT NULL,
  `defaultGallery_id` varchar(255) DEFAULT NULL,
  PRIMARY KEY (`id`),
  KEY `FKpwnvix38d499x2gv2cfu6ukvd` (`defaultGallery_id`),
  CONSTRAINT `FKpwnvix38d499x2gv2cfu6ukvd` FOREIGN KEY (`defaultGallery_id`) REFERENCES `gallery` (`id`)
) ENGINE=InnoDB DEFAULT CHARSET=latin1;
/*!40101 SET character_set_client = @saved_cs_client */;

--
-- Dumping data for table `polypdataset`
--

LOCK TABLES `polypdataset` WRITE;
/*!40000 ALTER TABLE `polypdataset` DISABLE KEYS */;
INSERT INTO `polypdataset` VALUES ('6ba66d69-92e3-11ea-8701-4845202a5edb','2020-05-10 19:26:44.000','Test Dataset','2020-05-10 19:26:44.000','5607d1a4-39b9-468d-bad6-bd9412fcae65'),('6e743b5b-92e3-11ea-8701-4845202a5edb','2020-05-10 19:26:49.000','Test Dataset 2','2020-05-10 19:26:49.000','5607d1a4-39b9-468d-bad6-bd9412fcae65');
/*!40000 ALTER TABLE `polypdataset` ENABLE KEYS */;
UNLOCK TABLES;

--
-- Table structure for table `polyphistology`
--

DROP TABLE IF EXISTS `polyphistology`;
/*!40101 SET @saved_cs_client     = @@character_set_client */;
/*!40101 SET character_set_client = utf8 */;
CREATE TABLE `polyphistology` (
  `DTYPE` varchar(31) NOT NULL,
  `id` varchar(255) NOT NULL,
  `ssadysplasia` varchar(255) DEFAULT NULL,
  `adenomadysplasing` varchar(255) DEFAULT NULL,
  `adenomatype` varchar(255) DEFAULT NULL,
  `tsadysplasia` varchar(255) DEFAULT NULL,
  `creation_date` datetime(3) DEFAULT NULL,
  `update_date` datetime(3) DEFAULT NULL,
  PRIMARY KEY (`id`)
) ENGINE=InnoDB DEFAULT CHARSET=latin1;
/*!40101 SET character_set_client = @saved_cs_client */;

--
-- Dumping data for table `polyphistology`
--

LOCK TABLES `polyphistology` WRITE;
/*!40000 ALTER TABLE `polyphistology` DISABLE KEYS */;
INSERT INTO `polyphistology` VALUES ('Adenoma','073601dd-de9d-4453-bd85-bc19c5c17dd9',NULL,'LOW','TUBULAR',NULL,'2019-09-16 10:43:38.000','2020-02-24 17:22:08.000'),('Adenoma','0a3d5477-b6b5-4886-8571-81c1779ca1c9',NULL,'LOW','TUBULAR',NULL,'2019-03-13 08:54:18.000','2020-02-24 17:22:11.000'),('SessileSerratedAdenoma','0afc5dd9-6098-4b8c-a768-64ef3efc7765','WITHOUT',NULL,NULL,NULL,'2019-09-16 10:46:10.000','2020-02-24 17:22:07.000'),('Adenoma','0d92bedf-0d1b-4ab4-82a7-697d8a98b226',NULL,'HIGH','TUBULOVILLOUS',NULL,'2019-05-27 14:28:55.000','2020-02-24 17:22:08.000'),('Adenoma','0e3105f4-098c-4228-8fb6-08adbecb4f29',NULL,'LOW','TUBULOVILLOUS',NULL,'2020-02-24 10:22:03.000','2020-02-24 17:22:15.000'),('Hyperplastic','0f8b122f-1298-431c-892a-5b1d39a8a35e',NULL,NULL,NULL,NULL,'2019-01-15 15:09:08.000','2020-02-24 17:21:58.000'),('NonEpithelialNeoplastic','10ea27c8-5322-4d90-8400-eebbe64c0096',NULL,NULL,NULL,NULL,'2019-01-23 15:50:20.000','2020-02-24 17:22:04.000'),('Hyperplastic','11d8c7cc-3dd9-4b0b-86e2-2c29506b1460',NULL,NULL,NULL,NULL,'2018-12-04 14:46:23.000','2020-02-24 17:22:03.000'),('Adenoma','13f47af4-fe55-44db-b3fc-cf63fde2d4a0',NULL,'LOW','TUBULAR',NULL,'2018-12-14 13:03:16.000','2020-02-24 17:22:10.000'),('Hyperplastic','149056bc-5425-41ad-b87d-e87c407aff85',NULL,NULL,NULL,NULL,'2020-02-24 10:22:02.000','2020-02-24 17:22:15.000'),('NoHistology','1823d797-3fa0-49ab-8afc-72bf52872f10',NULL,NULL,NULL,NULL,'2019-09-16 10:35:04.000','2020-02-24 17:22:08.000'),('Hyperplastic','19f70d57-db52-4eba-aa0d-c3fa11fa8961',NULL,NULL,NULL,NULL,'2019-01-22 12:20:09.000','2020-02-24 17:22:06.000'),('Adenoma','1a38ce16-1b59-4dc6-8842-e4043112cb62',NULL,'LOW','TUBULAR',NULL,'2018-11-23 14:38:51.000','2020-02-24 17:22:13.000'),('Hyperplastic','1a479474-7533-453f-a3e8-12158a9c2f1d',NULL,NULL,NULL,NULL,'2019-01-15 15:09:08.000','2020-02-24 17:21:58.000'),('Adenoma','1afc22f5-71f9-4e4f-9ac4-e48c8d2c9b4f',NULL,'LOW','TUBULAR',NULL,'2019-02-13 08:50:09.000','2020-02-24 17:22:06.000'),('Adenoma','1bb8e2ae-8b8d-4649-b6f3-1056a6279d81',NULL,'LOW','TUBULAR',NULL,'2019-03-13 08:56:04.000','2020-02-24 17:22:11.000'),('NonEpithelialNeoplastic','1ef0950f-fc7a-4c35-a57a-f47fc460676b',NULL,NULL,NULL,NULL,'2019-01-23 15:53:17.000','2020-02-24 17:22:03.000'),('Adenoma','1f655e80-8d56-463f-a17c-ab2849736894',NULL,'LOW','TUBULAR',NULL,'2019-01-24 13:24:15.000','2020-02-24 17:22:09.000'),('Hyperplastic','27651cce-ee0b-44af-8250-3f694fc2cd67',NULL,NULL,NULL,NULL,'2018-12-04 14:45:23.000','2020-02-24 17:22:02.000'),('Adenoma','279abd2b-e7e1-496b-be20-323122023928',NULL,'LOW','TUBULAR',NULL,'2020-02-24 10:22:03.000','2020-02-24 17:22:15.000'),('NonEpithelialNeoplastic','2d3737d5-af6f-42b1-a1d6-2d3ee08aa880',NULL,NULL,NULL,NULL,'2019-01-23 15:50:20.000','2020-02-24 17:22:04.000'),('NoHistology','2e88a7ab-76c6-4765-9f59-e98b613fe8d0',NULL,NULL,NULL,NULL,'2019-02-21 09:12:29.000','2020-02-24 17:22:00.000'),('Adenoma','2eadb35c-6feb-4bf0-aa4e-640e310cca24',NULL,'LOW','TUBULAR',NULL,'2019-03-13 08:54:18.000','2020-02-24 17:22:11.000'),('Adenoma','2ece4a60-a7fb-4d2e-ad57-99778677c9e0',NULL,'LOW','TUBULOVILLOUS',NULL,'2019-01-24 13:24:15.000','2020-02-24 17:22:09.000'),('Adenoma','2ee609de-b56a-42b6-a81c-8c58a897cc41',NULL,'LOW','TUBULAR',NULL,'2019-10-18 12:31:54.000','2020-02-24 17:22:01.000'),('Adenoma','30efc4b5-6af3-4ab8-8b64-3ea550f25918',NULL,'LOW','TUBULAR',NULL,'2019-03-13 08:54:18.000','2020-02-24 17:22:11.000'),('Hyperplastic','350a9fb5-5fc6-47c1-902f-f1e38c483720',NULL,NULL,NULL,NULL,'2019-10-18 10:38:13.000','2020-02-24 17:22:01.000'),('Hyperplastic','38c4f6ef-0778-4f14-a465-5654f4c182a8',NULL,NULL,NULL,NULL,'2019-01-22 12:20:09.000','2020-02-24 17:22:06.000'),('Hyperplastic','3a2139a2-0a6e-491a-8568-3b25d5fa31c1',NULL,NULL,NULL,NULL,'2019-01-23 15:53:17.000','2020-02-24 17:22:03.000'),('Adenoma','3e2ff13c-2299-4593-a94d-e06f6e348004',NULL,'LOW','TUBULAR',NULL,'2019-10-18 12:31:54.000','2020-02-24 17:22:01.000'),('Hyperplastic','4627a449-c89b-4966-be3b-df459921e4ed',NULL,NULL,NULL,NULL,'2018-11-23 14:38:51.000','2020-02-24 17:22:13.000'),('Hyperplastic','4aa51054-f1bf-47b5-b76b-44a33a917bf9',NULL,NULL,NULL,NULL,'2019-10-17 09:05:07.000','2020-02-24 17:22:13.000'),('Adenoma','4dae971f-4000-456f-9e4e-b4779a70944b',NULL,'LOW','TUBULAR',NULL,'2019-03-13 08:56:04.000','2020-02-24 17:22:11.000'),('Adenoma','4eb2eeb6-e136-4b50-b538-3e9b8bc6cbe5',NULL,'LOW','TUBULAR',NULL,'2019-01-29 12:12:55.000','2020-02-24 17:22:02.000'),('Invasive','59e837ab-8731-4c47-a0d5-9b53fa083fd9',NULL,NULL,NULL,NULL,'2019-03-13 08:56:04.000','2020-02-24 17:22:11.000'),('Adenoma','5c4c51b9-02e5-41d7-a4ef-4eb0345fb475',NULL,'LOW','TUBULAR',NULL,'2019-01-15 15:09:08.000','2020-02-24 17:21:58.000'),('Hyperplastic','609e2956-9e85-4d38-9eec-9740362edf4d',NULL,NULL,NULL,NULL,'2019-01-15 14:55:43.000','2020-02-24 17:21:57.000'),('Hyperplastic','6cdc7183-544f-4699-9374-a3c351479993',NULL,NULL,NULL,NULL,'2019-01-24 13:24:15.000','2020-02-24 17:22:09.000'),('NoHistology','6e44453e-03e9-4831-aa4f-ed770fbba9aa',NULL,NULL,NULL,NULL,'2019-09-16 10:43:38.000','2020-02-24 17:22:08.000'),('Adenoma','6f86ebc4-9197-4d50-af6e-234ef28ac42c',NULL,'LOW','TUBULAR',NULL,'2019-10-17 09:22:37.000','2020-02-24 17:22:12.000'),('Hyperplastic','6fdee514-69fa-40d2-bdde-7f32c19cedd5',NULL,NULL,NULL,NULL,'2019-01-24 13:21:49.000','2020-02-24 17:22:09.000'),('Adenoma','70d8b842-2333-49bc-abf8-104258eefa08',NULL,'LOW','TUBULAR',NULL,'2020-02-24 10:22:02.000','2020-02-24 17:22:15.000'),('Adenoma','724f5670-98f8-45d5-a72d-45f81aa0ddee',NULL,'LOW','TUBULAR',NULL,'2018-12-04 14:45:23.000','2020-02-24 17:22:02.000'),('TraditionalSerratedAdenoma','7495b5af-2ecb-4355-9268-1968b90e6261',NULL,NULL,NULL,'LOW','2019-02-21 09:06:14.000','2020-02-24 17:21:59.000'),('Adenoma','74b6b9f9-c79c-4a33-8132-5ec4bdd9cf4f',NULL,'LOW','TUBULAR',NULL,'2019-01-23 15:53:19.000','2020-02-24 17:22:04.000'),('Adenoma','76af39bc-03e1-4aaa-9bab-d9607791d37e',NULL,'LOW','TUBULAR',NULL,'2019-01-23 15:53:17.000','2020-02-24 17:22:03.000'),('Hyperplastic','77529d5b-8b6d-492b-b1f5-d545e746cdef',NULL,NULL,NULL,NULL,'2019-01-15 15:09:08.000','2020-02-24 17:21:58.000'),('Adenoma','79436d47-d761-4d97-8b9b-5376ce1b2b08',NULL,'LOW','TUBULAR',NULL,'2019-09-20 09:03:54.000','2020-02-24 17:22:05.000'),('Adenoma','7b42cad3-14bd-4578-8dd3-3227a7baef31',NULL,'LOW','TUBULAR',NULL,'2019-02-13 08:50:09.000','2020-02-24 17:22:06.000'),('Adenoma','7d3d0419-fa26-45a7-9cce-a1d93d279505',NULL,'LOW','TUBULAR',NULL,'2019-01-24 13:24:15.000','2020-02-24 17:22:09.000'),('Adenoma','7f6f52f2-ea66-4cf5-8a86-8801eaa998b3',NULL,'LOW','TUBULOVILLOUS',NULL,'2019-10-17 09:22:37.000','2020-02-24 17:22:12.000'),('Hyperplastic','8104254d-9bde-4560-a711-381f43036ac3',NULL,NULL,NULL,NULL,'2019-10-18 10:38:13.000','2020-02-24 17:22:01.000'),('Adenoma','8148493e-ce01-4710-bae7-03c649ba00e6',NULL,'LOW','TUBULAR',NULL,'2019-01-23 15:53:19.000','2020-02-24 17:22:04.000'),('NoHistology','8570483a-f128-4429-a8f1-ba029f6a382c',NULL,NULL,NULL,NULL,'2020-02-24 10:22:03.000','2020-02-24 17:22:15.000'),('Adenoma','85832006-56c3-4231-95ef-0c5f0919f435',NULL,'LOW','TUBULAR',NULL,'2019-03-13 08:54:18.000','2020-02-24 17:22:11.000'),('Adenoma','85d20cc3-5f42-4602-9484-6705a4db191d',NULL,'LOW','TUBULAR',NULL,'2018-12-04 14:46:23.000','2020-02-24 17:22:03.000'),('Adenoma','86d42ccd-852b-4ac9-85c5-35cc2ea84202',NULL,'LOW','TUBULAR',NULL,'2019-03-13 08:56:04.000','2020-02-24 17:22:11.000'),('Hyperplastic','87971752-0144-40ab-ad58-0f39a6392f95',NULL,NULL,NULL,NULL,'2019-10-17 09:05:07.000','2020-02-24 17:22:13.000'),('Adenoma','8967ab44-34f2-42e4-8c11-0abded95420c',NULL,'LOW','TUBULAR',NULL,'2019-03-13 08:54:18.000','2020-02-24 17:22:11.000'),('Adenoma','8b672403-2180-4dbc-b2f7-c7daf0ef77e6',NULL,'LOW','TUBULAR',NULL,'2019-03-13 08:54:18.000','2020-02-24 17:22:11.000'),('Adenoma','8bf6cc1b-6eb2-4f78-a1dc-5420865d60c1',NULL,'LOW','TUBULAR',NULL,'2019-01-24 13:24:15.000','2020-02-24 17:22:09.000'),('Hyperplastic','8d384588-773e-466a-8c8c-b53b541e9b98',NULL,NULL,NULL,NULL,'2019-10-18 10:38:13.000','2020-02-24 17:22:01.000'),('Adenoma','8e68ea21-86a4-412e-b4e8-49326bf4faeb',NULL,'LOW','TUBULAR',NULL,'2019-03-13 08:51:14.000','2020-02-24 17:22:12.000'),('NoHistology','95378182-8ab7-40ea-87b3-b83f1c273024',NULL,NULL,NULL,NULL,'2019-02-21 09:12:29.000','2020-02-24 17:22:00.000'),('Hyperplastic','a0a4c5b8-e54f-43f3-9ef0-9401b7754100',NULL,NULL,NULL,NULL,'2019-10-17 09:22:37.000','2020-02-24 17:22:12.000'),('Adenoma','a2967325-126e-4b2c-b6c0-12344245200b',NULL,'LOW','TUBULAR',NULL,'2019-10-18 12:31:54.000','2020-02-24 17:22:01.000'),('Hyperplastic','a4e39b11-09c4-45ca-97ea-7af480a34c1d',NULL,NULL,NULL,NULL,'2019-10-17 08:58:03.000','2020-02-24 17:22:13.000'),('Hyperplastic','ad1620cb-be39-43d1-9583-0ddb0a1ce831',NULL,NULL,NULL,NULL,'2019-10-17 09:05:07.000','2020-02-24 17:22:13.000'),('Adenoma','b36cb844-40b4-4ea6-8831-6b4f92368ade',NULL,'LOW','TUBULAR',NULL,'2019-02-21 09:12:29.000','2020-02-24 17:22:00.000'),('Adenoma','b4dc02e1-a971-4c47-b0b2-7b37ced082b1',NULL,'LOW','TUBULAR',NULL,'2019-01-24 13:24:15.000','2020-02-24 17:22:09.000'),('SessileSerratedAdenoma','bb4f5492-adc2-47c4-9893-46573026ae04','HIGH',NULL,NULL,NULL,'2019-01-22 12:16:31.000','2020-02-24 17:22:06.000'),('Hyperplastic','bbbd9835-ddd6-4730-95a7-431016bb2705',NULL,NULL,NULL,NULL,'2019-10-18 10:38:13.000','2020-02-24 17:22:01.000'),('Adenoma','bc172755-ea61-4195-baa5-54157c957037',NULL,'LOW','TUBULAR',NULL,'2019-01-23 15:50:20.000','2020-02-24 17:22:04.000'),('Adenoma','be196da2-79f9-4a0c-af0c-c026a856c411',NULL,'LOW','TUBULAR',NULL,'2019-09-16 10:43:38.000','2020-02-24 17:22:08.000'),('Adenoma','c0fd295b-44b2-4f8d-a836-3beffa7e1fef',NULL,'LOW','TUBULAR',NULL,'2019-02-21 09:23:56.000','2020-02-24 17:22:00.000'),('Hyperplastic','c49fc1a7-0718-478d-8247-cd2eb83cb2ce',NULL,NULL,NULL,NULL,'2019-01-22 12:20:09.000','2020-02-24 17:22:06.000'),('Adenoma','c527b991-d67b-4da9-9209-3c5f863d4b20',NULL,'LOW','TUBULAR',NULL,'2019-03-13 08:54:18.000','2020-02-24 17:22:11.000'),('NonEpithelialNeoplastic','c58fa213-5737-4d9f-a7d9-5c5edc9af0b7',NULL,NULL,NULL,NULL,'2019-01-15 15:09:08.000','2020-02-24 17:21:58.000'),('Adenoma','c605a472-7d02-461b-8b37-57fc0b6c9264',NULL,'LOW','TUBULAR',NULL,'2019-03-13 08:54:18.000','2020-02-24 17:22:11.000'),('Adenoma','c629ef48-2701-47a8-82dc-552b87794eb4',NULL,'LOW','TUBULAR',NULL,'2019-09-16 10:43:38.000','2020-02-24 17:22:08.000'),('Hyperplastic','cb5d1e8b-42a4-43e3-9e51-e1edee5ad8f3',NULL,NULL,NULL,NULL,'2019-01-15 14:55:43.000','2020-02-24 17:21:57.000'),('Adenoma','cc7d266f-ac22-4fce-8705-6e9c93fbe0d3',NULL,'LOW','TUBULAR',NULL,'2019-10-18 12:31:54.000','2020-02-24 17:22:01.000'),('Adenoma','ccd9d810-d908-4efc-968f-0953e721aa86',NULL,'LOW','TUBULAR',NULL,'2018-12-04 14:46:23.000','2020-02-24 17:22:03.000'),('Hyperplastic','cd9ea518-f60f-4d6f-b492-8ebf8e59993b',NULL,NULL,NULL,NULL,'2019-01-15 14:55:43.000','2020-02-24 17:21:57.000'),('Adenoma','ce63ab12-04dd-4639-bc71-c49533fb6094',NULL,'LOW','TUBULAR',NULL,'2019-01-24 13:21:49.000','2020-02-24 17:22:09.000'),('Hyperplastic','cf6c06be-89df-4f2a-89dd-7cb322bb9d4f',NULL,NULL,NULL,NULL,'2019-01-24 13:21:49.000','2020-02-24 17:22:09.000'),('NoHistology','d40c3570-16cf-4534-9c63-9d5dea84ab69',NULL,NULL,NULL,NULL,'2018-12-14 13:03:16.000','2020-02-24 17:22:10.000'),('Adenoma','d57971c3-fc18-440f-a563-62a5bbb3a9fc',NULL,'LOW','TUBULOVILLOUS',NULL,'2019-01-24 13:24:15.000','2020-02-24 17:22:09.000'),('Adenoma','d6aba0a7-a672-4f02-b565-cf8f304fbbde',NULL,'LOW','TUBULOVILLOUS',NULL,'2018-11-23 14:38:51.000','2020-02-24 17:22:13.000'),('Adenoma','dc17b677-1aa2-4ac5-80d7-c88515ab8834',NULL,'LOW','TUBULAR',NULL,'2019-09-16 10:43:38.000','2020-02-24 17:22:08.000'),('NoHistology','de58db9e-249f-470b-94a2-f6c50d8937e7',NULL,NULL,NULL,NULL,'2018-12-04 14:45:23.000','2020-02-24 17:22:02.000'),('NoHistology','e0abd10d-d4ac-4aa6-a381-0bec71bfc68d',NULL,NULL,NULL,NULL,'2019-01-24 13:21:49.000','2020-02-24 17:22:09.000'),('NonEpithelialNeoplastic','e2a14cdd-aa67-4f70-8d2d-94bf25553355',NULL,NULL,NULL,NULL,'2019-09-20 09:03:54.000','2020-02-24 17:22:05.000'),('Adenoma','e2aaa67a-1a1c-4904-b697-2ed891731e8c',NULL,'LOW','TUBULAR',NULL,'2019-09-27 14:57:46.000','2020-02-24 17:21:58.000'),('Adenoma','e2d8bbcb-218b-4886-8a64-61b6823edf8a',NULL,'UNDEFINED','TUBULAR',NULL,'2019-01-23 15:50:20.000','2020-02-24 17:22:04.000'),('SessileSerratedAdenoma','e47c84a8-7188-407c-9f54-b0a857e120af','LOW',NULL,NULL,NULL,'2019-09-20 09:03:54.000','2020-02-24 17:22:05.000'),('Adenoma','e5d17462-b827-43fd-9d75-a6ae9d874c90',NULL,'LOW','TUBULAR',NULL,'2019-03-13 08:51:14.000','2020-02-24 17:22:12.000'),('Hyperplastic','e8a2564a-548c-416a-bfa5-1edc7d2b45d2',NULL,NULL,NULL,NULL,'2019-01-22 12:20:09.000','2020-02-24 17:22:06.000'),('NonEpithelialNeoplastic','eb408777-32c4-441e-b687-32d38964c80e',NULL,NULL,NULL,NULL,'2019-09-27 14:57:46.000','2020-02-24 17:21:58.000'),('Adenoma','edc0ab90-30dd-4b82-b043-37944bbc5bd0',NULL,'LOW','TUBULOVILLOUS',NULL,'2019-01-22 12:16:31.000','2020-02-24 17:22:06.000'),('Adenoma','ee49dc92-ae66-4eda-a07b-912115c0ff06',NULL,'LOW','TUBULAR',NULL,'2019-01-24 13:24:15.000','2020-02-24 17:22:09.000'),('Adenoma','f7dbbfec-097e-42b6-801f-5bc7137e9a50',NULL,'LOW','TUBULOVILLOUS',NULL,'2020-02-24 10:22:02.000','2020-02-24 17:22:15.000'),('Hyperplastic','f8343b0b-4197-43c5-b992-cd969c6f562f',NULL,NULL,NULL,NULL,'2019-10-18 10:38:13.000','2020-02-24 17:22:01.000'),('Adenoma','fa7912e6-aa24-4588-a860-dc4bd5432859',NULL,'LOW','TUBULAR',NULL,'2019-01-23 15:53:17.000','2020-02-24 17:22:03.000'),('Adenoma','fced9cfe-da00-4893-9f17-a9373e488a93',NULL,'LOW','TUBULAR',NULL,'2019-03-13 08:54:18.000','2020-02-24 17:22:11.000'),('Adenoma','ff2d77df-e902-4161-833e-8dee3edc5aeb',NULL,'LOW','TUBULOVILLOUS',NULL,'2018-11-23 14:28:54.000','2020-02-24 17:22:13.000');
/*!40000 ALTER TABLE `polyphistology` ENABLE KEYS */;
UNLOCK TABLES;

--
-- Table structure for table `polyplocation`
--

DROP TABLE IF EXISTS `polyplocation`;
/*!40101 SET @saved_cs_client     = @@character_set_client */;
/*!40101 SET character_set_client = utf8 */;
CREATE TABLE `polyplocation` (
  `id` varchar(255) NOT NULL,
  `height` int(11) NOT NULL,
  `width` int(11) NOT NULL,
  `x` int(11) NOT NULL,
  `y` int(11) NOT NULL,
  `image_id` varchar(255) DEFAULT NULL,
  `creation_date` datetime(3) DEFAULT NULL,
  PRIMARY KEY (`id`),
  KEY `FKpsxmaocdia9tdghw0i48o3l5i` (`image_id`),
  CONSTRAINT `FKpsxmaocdia9tdghw0i48o3l5i` FOREIGN KEY (`image_id`) REFERENCES `image` (`id`)
) ENGINE=InnoDB DEFAULT CHARSET=latin1;
/*!40101 SET character_set_client = @saved_cs_client */;

--
-- Dumping data for table `polyplocation`
--

LOCK TABLES `polyplocation` WRITE;
/*!40000 ALTER TABLE `polyplocation` DISABLE KEYS */;
INSERT INTO `polyplocation` VALUES ('032d05af-db08-4dca-aaf2-adf3fe260351',283,247,238,167,'9c73fbb2-9ac4-442d-80be-6fe0d6ebc279','2020-02-24 17:22:13.000'),('03a77f6d-34cf-4231-9f51-aa687e9a2633',196,152,331,139,'4117f097-77f3-406b-982b-2902c7ba0afa','2020-02-24 17:22:13.000'),('044c967a-eb86-4f4c-a7eb-1ce866d6b99b',193,184,523,224,'ddee00a3-981c-421d-8370-c06401717667','2020-02-24 17:22:13.000'),('045c33a0-aa32-48f0-9e86-7716d6025441',78,75,132,373,'1ce4b45d-6c41-4a44-943b-e83e09dc3a16','2020-02-24 17:22:13.000'),('05a903ff-d54d-4cda-ad81-c25636093299',81,74,482,107,'ac0c846e-be9a-4c0b-90bc-7dd2d5f0b0ae','2020-02-24 17:22:13.000'),('06ded451-37a4-4612-a46f-2291dba56c48',179,233,270,325,'189ba1b9-e6e3-479b-a080-ea61468d7f70','2020-02-24 17:22:13.000'),('08fdbb3a-ab78-4853-9ac8-38870c4e3d67',116,276,365,14,'e7ad687d-eff7-486d-bacc-5ad8cdf43685','2020-02-24 17:22:13.000'),('0967f016-6fb2-48a0-9ff8-310020be8387',225,389,248,12,'2ee59f21-da2d-4676-9768-e6c4adbaa701','2020-02-24 17:22:13.000'),('099a21d8-254b-40f0-a6cf-6f00529979c4',92,69,521,173,'e6e0c5cb-c675-4b85-a7b5-09bad2570859','2020-02-24 17:22:13.000'),('0c892d4d-e514-46d1-9b3b-a165b1edc963',198,-216,429,245,'8bb50d1a-70f9-4dd4-9487-d32729e2c49d','2020-02-24 17:22:13.000'),('0df084cb-3318-4ae0-b607-06383a646650',227,432,214,11,'7c09dc2c-fc0b-435f-a3fc-5667c8ec346e','2020-02-24 17:22:13.000'),('0f97254f-6316-47d8-93b2-bd4f7b1fab32',63,-74,183,217,'a216828b-3232-46b7-9997-48b1516378c9','2020-02-24 17:22:13.000'),('11a8f1f8-bb25-4884-8df3-fdeb4f7dccde',86,75,163,340,'7c9fc6e2-aa3f-44dd-be38-5cb8be0154b0','2020-02-24 17:22:13.000'),('14f22f01-8a86-44eb-ad76-b4e889db47ad',153,176,433,346,'67a771db-731b-492f-bc05-f47324166ded','2020-02-24 17:22:13.000'),('16d6b1c4-345d-42ec-bebc-f86aae659eaa',184,171,501,315,'8009fe74-7f09-47ec-9058-151e2383ca1f','2020-02-24 17:22:13.000'),('17e47957-3097-4047-baa1-f9beb450ad5a',195,147,421,142,'a13966ca-110b-4541-83e2-3e452904126a','2020-02-24 17:22:13.000'),('1d10cf2d-9476-45fb-8b56-58ba3bbec758',85,61,483,163,'87c11192-2727-4f40-84df-b3cc37e452f7','2020-02-24 17:22:13.000'),('1ee8297b-17ee-45f6-8d24-2bd6d6543c13',65,73,419,196,'eb264096-eba2-456f-9a39-6924e2f9ed0f','2020-02-24 17:22:13.000'),('20b4c17a-686b-4505-b113-74b489a3b1d8',113,116,438,174,'0c25f09f-e626-4966-982e-09ddb7932c8c','2020-02-24 17:22:13.000'),('2191f7ac-e73c-4ee1-ac29-e04465500b73',50,71,353,298,'e406a4a1-dd15-4d90-b638-1e3f830aa5d6','2020-02-24 17:22:13.000'),('231d0d10-b468-4625-9fac-f6ce88b3874a',56,75,345,442,'9821314c-7277-4eda-af1e-6e8d3756435e','2020-02-24 17:22:13.000'),('243b7f87-a320-4d73-bd5f-e21de09dff1c',226,186,405,59,'c1a4633a-c41b-48c8-80a4-3313e616de9d','2020-02-24 17:22:13.000'),('264bfebd-d7f3-42b6-a5c8-d91f8cc25b7f',229,173,528,224,'a44735ca-4ce9-4746-82d0-ce83f326184d','2020-02-24 17:22:13.000'),('27b36bbd-0ce7-449c-a33f-7350c262d1f0',196,157,443,127,'f1c8df8c-608f-49ff-bada-8bdecf1f2764','2020-02-24 17:22:13.000'),('286698b4-f2e5-443f-9dd5-53c5331a7af6',-123,-104,414,151,'25c7f4ee-0364-408a-af87-184d8ed1ab63','2020-02-24 17:22:13.000'),('29628e5a-2455-42c3-9737-e47ad3b76088',143,96,309,207,'0e888c73-b0d1-400f-9b6d-2dea12cd8ed7','2020-02-24 17:22:13.000'),('2c04d064-a722-43c5-8fbe-1e6de330f342',137,102,279,222,'64efd92d-c1dd-4d01-b541-b71924339c60','2020-02-24 17:22:13.000'),('2c9a6d2b-066e-491d-94bb-872072958619',172,139,437,48,'8efe536e-0912-45d5-b321-d5faf1ca5c6e','2020-02-24 17:22:13.000'),('2ca90539-e11c-4dfc-b925-e161813929d6',117,108,360,322,'499c0a39-9cdb-4767-b4b8-01183feedaf5','2020-02-24 17:22:13.000'),('2e5e8622-3f06-4129-86f7-22e4482d6c8e',156,157,365,178,'f5690ab6-b751-4255-895c-e9a1f805ef42','2020-02-24 17:22:13.000'),('35aff0a3-58a3-42ce-adae-170dcc8c740b',100,103,449,76,'5fd029e1-1192-4614-9f3f-2bd62586da13','2020-02-24 17:22:13.000'),('36733da2-13fe-4ad7-ae37-6748404295fb',325,270,112,160,'1271ec51-3de4-4f96-aad8-341d4ba8fa0b','2020-06-04 18:07:12.600'),('373871d1-a850-4123-89a2-ceb2ab6a1406',134,171,458,369,'8f189508-367d-494d-8d7d-185653d6de65','2020-02-24 17:22:13.000'),('37f34df4-af66-4364-917e-c9a101c246f2',117,96,468,149,'213790be-ddc3-45f8-a1b1-0650a94e79e8','2020-02-24 17:22:13.000'),('388e08c9-393c-4cb0-845f-8c95319e6f40',77,88,214,180,'bf220dd2-eecf-46d9-a68b-e0495e189ba7','2020-02-24 17:22:13.000'),('39d33820-e770-4b9e-abc9-760bd71bff5a',288,274,340,121,'a76d1606-dd1c-4dda-ba78-a59cc0ab89ee','2020-06-04 18:06:57.451'),('3a7f831a-9409-4a05-8ce9-b3df42955710',227,-266,630,302,'227ecf0a-3306-48f2-8863-534c244104e9','2020-02-24 17:22:13.000'),('3aa01839-6b2c-47ca-b479-986eed5eaa77',140,235,440,424,'e45c80de-e6a1-4e9f-9e41-93dcb1107f84','2020-02-24 17:22:13.000'),('3e779e3c-20a5-4d13-b34f-4d74f1345cc2',-171,-227,562,400,'1b021b53-cb7d-4566-856c-506c3f63b5d0','2020-02-24 17:22:13.000'),('3f43836f-5704-485a-b653-40921e731ec7',258,-275,650,241,'e2b118dd-a352-429a-9fef-39e9e7059100','2020-02-24 17:22:13.000'),('3f6dff1e-a865-4e35-9779-e5294b3523b2',97,159,397,373,'a5f23351-8311-456f-9f68-8fe6a895a3fd','2020-02-24 17:22:13.000'),('40499dc5-8a75-4d39-bda7-2c386a86ff7d',166,77,70,311,'53701179-fb7c-4531-b2b4-6d783995656d','2020-02-24 17:22:13.000'),('412fa20c-dd93-493a-b161-3082ad2e694a',202,126,221,251,'9703f983-bf20-4390-aaff-9dff1c16abeb','2020-02-24 17:22:13.000'),('41d2b71d-0fca-4867-85e7-22c8da5e9643',83,75,165,329,'4d08b24a-ca55-4d6d-846d-00716d59ccbe','2020-02-24 17:22:13.000'),('426a7607-f938-49f5-9b53-da5267b3c15d',179,113,126,196,'22b4d397-29f4-4daf-9cd9-195e899243c4','2020-02-24 17:22:13.000'),('4428a66a-dcc3-437d-b7db-fbb0b1ab4fbb',136,177,425,358,'2fdb41ec-0e14-42a1-985d-86f80f64ad63','2020-02-24 17:22:13.000'),('46ff88f5-1331-471f-8180-160f230acef8',110,135,467,281,'b31415fe-d9f3-41c4-949f-d10219ccf38b','2020-02-24 17:22:13.000'),('49571da7-50fc-4c7a-b377-97d7d8d776df',182,133,430,163,'d8aa4d88-26e5-4a3b-a433-459ae0980829','2020-02-24 17:22:13.000'),('49b28f42-c8d3-4338-a8e7-26f7733fbd83',197,218,299,302,'ff295ec0-5dff-4b2a-883c-f17970cf57b4','2020-02-24 17:22:13.000'),('4a65a916-7d20-4bdf-b7b6-8e01f64667cc',221,145,552,189,'a411eec6-8044-4fb9-8c12-c4f56416a7ce','2020-02-24 17:22:13.000'),('4aa326a2-7f75-485c-8bf4-d52f2f653e40',191,154,225,287,'b136ccfa-61db-48aa-b5bf-b9d03a8c62a5','2020-02-24 17:22:13.000'),('4c3306b0-d2ff-40d7-ab8b-3c249ae778ef',69,56,419,250,'2e283a0a-bdf0-48ee-b015-bfb31c5d321e','2020-02-24 17:22:13.000'),('502a9fb2-afff-48a4-b552-1aaf1b3f29d5',184,170,232,172,'bf2a5db3-a41c-4bbf-a731-307995384f24','2020-02-24 17:22:13.000'),('50bd64d6-15cc-4534-b619-9e0fcde12d49',197,194,364,278,'5bdd5ea1-cfdd-4917-a6f2-d445a856bf64','2020-02-24 17:22:13.000'),('52e2d3eb-6b1b-4287-8344-e3e2c987630c',109,245,371,14,'db8b3775-3a06-4474-87b9-34af2deadbc3','2020-02-24 17:22:13.000'),('53bc26f0-67b1-462d-9c32-a61c573fa263',65,64,392,58,'7c13ee91-98a3-42b2-a44b-4b55886ca718','2020-02-24 17:22:13.000'),('544fa19b-265c-4b0b-8a8c-2ab80865bde9',182,179,368,176,'55afd6d9-1fa1-450e-9039-fe7da1ba0b1e','2020-02-24 17:22:13.000'),('56c02e89-9456-4dfb-83bc-93fda940bfe8',157,-219,658,349,'4018f749-c166-4ff1-9190-d7eee6e6dfc8','2020-02-24 17:22:13.000'),('5d8f19ee-25f1-44c5-a2c3-799c69c8a7ec',81,69,529,93,'334613bd-ecbf-4f2b-842a-e44a7b1b5a07','2020-02-24 17:22:13.000'),('5ed9d529-3a88-402a-ae96-957989adc3f6',113,309,331,15,'85d71b6a-4bdc-4f44-aacd-3089a0fad170','2020-02-24 17:22:13.000'),('5ff14a29-0bbf-4b2a-b627-96e98d1040ac',103,100,338,268,'e8081e78-a593-4246-93c8-d89ad7977eca','2020-02-24 17:22:13.000'),('60eb63f9-48ef-460e-8dad-93c4f93bc661',209,283,376,350,'138bc242-9fc3-4a99-9615-3b0261091a1b','2020-02-24 17:22:13.000'),('65280d47-5ece-4600-a488-56a49b01238a',246,229,303,116,'2301a048-a82c-45d1-a4c7-9235476bb530','2020-02-24 17:22:13.000'),('668b74e0-a0de-4e22-acc7-81d194858acc',259,-256,701,296,'26dd9a92-1f6b-4f9b-b095-505803aa4091','2020-02-24 17:22:13.000'),('67b08a9f-1311-4193-a77d-3b8cb589fd2d',164,-132,397,163,'37ee1030-5704-42e1-b0bb-ecdf7f4e6196','2020-02-24 17:22:13.000'),('6ae00d59-0b15-4718-88a7-dcfff652d3c4',109,75,592,409,'198cfb25-f11c-4a55-ad38-3d77133753fd','2020-02-24 17:22:13.000'),('6b350683-660e-41c5-9a7d-e8e36b3292f8',114,115,555,424,'37cf97da-068f-4cb9-804c-08ff0bec18da','2020-02-24 17:22:13.000'),('6dcb0a5f-a71d-4aae-a2fb-b09b83b55d77',106,106,449,188,'5ba34ad7-a967-4676-af42-c33793a1baeb','2020-02-24 17:22:13.000'),('6fc341f0-885a-43b0-b0b6-3d5efda5f320',73,58,467,159,'5bc33f20-c6a9-45c2-bb07-52ddf945e4af','2020-02-24 17:22:13.000'),('701d37c9-0111-4aac-b94a-ada223d042fa',213,167,547,31,'5f11fbfd-4fe0-48be-ac8f-5c3f83e02d69','2020-02-24 17:22:13.000'),('72cad6c3-0cb6-4ce7-b1c2-e91e277c6e3c',66,73,356,345,'2163d31b-739a-4bcf-a94a-e603d1647fe2','2020-02-24 17:22:13.000'),('73735a24-228f-48ca-b943-8874af915ca6',166,195,364,245,'df4bf819-a979-457d-ae19-97920cdd7dfd','2020-02-24 17:22:13.000'),('77c30b5f-c01e-4892-831e-5eaba6be1bb7',42,65,471,237,'7947d2e5-1179-4e07-8858-c795aaab172b','2020-02-24 17:22:13.000'),('77fe09e0-c230-4c05-9edf-460c895352a4',155,78,627,117,'a6de1ea1-2af3-4459-a7e8-c5ef79ca394f','2020-02-24 17:22:13.000'),('78e25cdd-3148-42f9-9db2-05740a3116a4',198,191,530,261,'a370141f-0acd-4e0a-b11d-84be0dd154ca','2020-02-24 17:22:13.000'),('793b0d5b-7d0d-45cf-b616-56440348ca86',246,304,137,299,'4858e10b-4918-4066-b17a-67b403eb5f04','2020-02-24 17:22:13.000'),('798fe72d-d031-4fdf-a8d9-084f59f4f579',292,-290,654,225,'6b78e3de-7074-4031-a738-fa2ab776bd54','2020-02-24 17:22:13.000'),('7b6289a7-6f4c-4d24-8107-171d4d652295',150,131,402,148,'dc988758-175d-4b36-829c-0f0d955cc138','2020-02-24 17:22:13.000'),('7d342205-26f3-42d2-badf-3fbde977ce29',235,152,472,167,'974a721d-b936-46ef-b5e6-3e703e4f0ebe','2020-02-24 17:22:13.000'),('827c02d8-958d-4a30-9ca6-1519bb8d2b25',54,-65,313,375,'a42ab93c-2fd2-428d-b0c0-249bed733dbc','2020-02-24 17:22:13.000'),('8498ee9c-3a17-4063-9a31-e8d4b855e224',224,260,378,289,'55bcc73a-3017-4d4b-87de-3da637fc9ede','2020-02-24 17:22:13.000'),('84f49525-f853-4d04-b678-f78f906a0465',239,228,303,106,'ac521967-726e-42d8-b6fd-4bb0a2e771c9','2020-02-24 17:22:13.000'),('85b77763-d10d-4f33-9792-4ac8973a14c0',165,-107,369,177,'bf61f4d3-4cc6-492b-ab50-9b505cd65030','2020-02-24 17:22:13.000'),('86985b72-eb2d-4978-9f33-5da2613e72d1',238,269,339,25,'e5740723-5b15-4309-9fd7-6c36de236ab9','2020-02-24 17:22:13.000'),('86db4a55-fbf6-496c-bb1d-674875c9a566',133,98,284,289,'ca53f8e7-9e57-44a7-ada7-405d34418fb4','2020-02-24 17:22:13.000'),('871f1b13-d2af-4199-a67d-f4e21f6760df',181,120,524,119,'13f42986-0bb8-45f2-93ea-b0978e04f5c4','2020-02-24 17:22:13.000'),('873a6a3a-81df-4d6f-a9cd-5b8733f4fc2e',131,100,262,272,'fcd518a2-0c9c-42d6-b652-289db3a9a959','2020-02-24 17:22:13.000'),('8a6860cd-ab48-4a72-825c-1fac17a9683e',179,-138,392,173,'6898153c-c92a-49d9-8281-ac9800dfcb43','2020-02-24 17:22:13.000'),('8d768579-6ece-48fd-8c49-8b1c38c65e69',107,210,443,375,'980e5120-476e-4d49-8e14-f31da7dbe943','2020-02-24 17:22:13.000'),('913ac681-c0a1-4627-887c-c0ed81454b1a',115,139,195,263,'fe99e3ba-4ddb-4703-ac5c-741f168f7099','2020-02-24 17:22:13.000'),('93a37e5b-b3ab-41cf-9678-3c854a7de759',68,-176,491,501,'36bad93c-d48d-4ac7-a3de-15061b6e1840','2020-02-24 17:22:13.000'),('95c71102-4180-4d7b-9eee-c6deddb6b66d',139,103,277,109,'253b3402-1c8f-47bb-8f48-981d5252eb14','2020-02-24 17:22:13.000'),('95ce4cc5-7655-47dc-b24a-d8bdf325a6cf',55,43,305,401,'10b7734d-4bb6-4951-a3b3-9922f366bb7b','2020-02-24 17:22:13.000'),('963dfdc6-9799-4a36-8bee-8b6db934607e',252,266,287,112,'c2298ada-fd43-4546-9bb8-20ea362eea38','2020-02-24 17:22:13.000'),('967b2b4a-32b0-4ba5-80fa-e875e3710270',52,63,199,259,'b290fd83-c19f-4eba-8265-4f680651db24','2020-02-24 17:22:13.000'),('96b7c90e-751f-43c6-80c3-6361835442d2',99,101,412,119,'122d5332-cc3d-4fc2-9ba4-ce5315499153','2020-02-24 17:22:13.000'),('9787b801-ae73-4414-ba9f-eba6ef67c619',176,124,373,253,'e87d2741-4909-434e-8d4f-6d03a15f28ed','2020-02-24 17:22:13.000'),('99220b2b-32b3-4765-8ebb-6c80dbd7c262',233,163,538,267,'8c180cb7-3586-4153-a9cc-9e59b711ed8a','2020-02-24 17:22:13.000'),('9bcd41f1-ebed-4b5f-9460-cc5225544258',73,81,137,197,'468c6e09-ddd5-4e9f-88aa-3dfe5f5309e4','2020-02-24 17:22:13.000'),('9f21f9f1-3354-4ebe-8ea5-7c7843af94ce',130,199,442,375,'01fb86cc-b2b9-456b-a821-0aeb2bd26153','2020-02-24 17:22:13.000'),('a0481f8c-e0ef-480e-ab25-3441325fe836',205,185,521,208,'bd2b64c1-98c1-4426-95b9-cd2e23f268da','2020-02-24 17:22:13.000'),('a6ff67f4-11c9-417b-96bb-f65693e81fb8',136,-123,502,287,'2ceaac90-42dd-4f55-820b-2d387643a108','2020-02-24 17:22:13.000'),('a70348ab-71d7-4b9a-9990-03b9e80d6662',292,-203,344,90,'bf9f397a-84b3-4894-a7cf-6961f355ba0d','2020-02-24 17:22:13.000'),('a7145ae4-329d-4b58-85d8-bac75217410e',221,204,319,143,'6f6409b8-b4df-4c9f-ba05-098eb0c74d20','2020-02-24 17:22:13.000'),('a7e0efed-620f-4c27-8cad-2b862b3e7aeb',215,173,309,168,'5239a03d-d977-41b5-90ec-4b296ffd9b0d','2020-02-24 17:22:13.000'),('aad9370e-1d19-42de-8dc0-8323fcc2f87a',215,180,394,147,'f3a51579-28ba-4d28-b601-523532b634fd','2020-02-24 17:22:13.000'),('ab4c7cf9-6ce4-48ae-a37b-265da56e7779',120,90,182,257,'36bb9d35-5875-42d7-ba22-5d7fe6fb76e7','2020-02-24 17:22:13.000'),('abeadb1f-f247-4418-a26c-2680435b907b',173,128,395,71,'62b671dc-1b3d-450e-b9b1-9dc6927f28c0','2020-02-24 17:22:13.000'),('ac8c13c0-c915-46c0-835a-caefbce5a7dc',161,-104,305,257,'ced63128-4cc4-4a01-9c87-603c00c585cf','2020-02-24 17:22:13.000'),('acab7b18-4790-4cf6-9d7d-63c1de1ee235',121,200,446,383,'ddcf8e86-5e46-4587-a97a-4247d4dfde4e','2020-02-24 17:22:13.000'),('af6f306c-f701-45cc-89ba-497b0a443bf1',286,136,559,200,'2887472d-b945-465f-b7e7-d7dce88b9717','2020-02-24 17:22:13.000'),('b202f572-b61e-41a6-b55e-a2d6bda7b845',252,159,541,103,'6fc6a29e-b3da-4be6-b9b9-d19c7b47a759','2020-02-24 17:22:13.000'),('bc9d403c-fb69-4344-a4d3-d4530a541489',168,235,399,337,'7ffd2763-1269-4e25-b4bd-73dddc013205','2020-02-24 17:22:13.000'),('bdafb7b4-92e9-49fa-9dfe-d8716c7b0293',340,318,319,217,'d9e8251d-2f61-456a-9da1-4d8f429c0067','2020-02-24 17:22:13.000'),('bfaf4584-4639-43af-ba7d-82a75931f30e',127,160,445,375,'f948870c-aa3a-4ca8-9cfb-1ccecf4b0e00','2020-02-24 17:22:13.000'),('c0268094-dfda-46aa-93ba-1b33f28ffd20',76,110,349,396,'6c2eef4d-0264-47c5-8aec-3aeaf736e055','2020-02-24 17:22:13.000'),('c02f18b5-9538-4924-813a-043a2e2e99d9',65,73,398,187,'46f0546d-3345-4843-8a5c-b249c91e8f13','2020-02-24 17:22:13.000'),('c34a9b70-d3b5-47b3-b4f0-1c5e8e401c71',113,82,270,280,'95b1373f-631e-410b-9830-98335127cea8','2020-02-24 17:22:13.000'),('c5986899-7b06-466b-a8d8-2772ef59550e',213,170,406,62,'7b5e9555-f487-470b-98d2-0b30a7f4f0ec','2020-02-24 17:22:13.000'),('c621ffee-b536-44b2-b31f-9ce27df92cb7',150,282,352,12,'b8910e30-602e-4122-830a-d132a010a9ef','2020-02-24 17:22:13.000'),('c67b617a-35ec-4c3a-8d59-88058dc298f2',160,166,352,178,'93ddc303-cf63-4bb6-91c0-3c77042480c6','2020-02-24 17:22:13.000'),('c69cf1e1-b4cd-4cd6-938a-51249d716618',147,116,325,97,'d13d52a1-255d-46b0-b99a-098874008f5a','2020-02-24 17:22:13.000'),('cbf5d907-a8cf-486f-bddf-577d81e366b4',159,-143,464,86,'a69ef357-a620-4f2a-b393-f6fd1d833ba4','2020-02-24 17:22:13.000'),('cce05bd8-223d-4bcc-aba1-6ad63a05f1d1',91,-183,524,482,'179963a6-b15d-4cf9-980c-340a8e5df392','2020-02-24 17:22:13.000'),('ce00bf15-d2b8-4db6-94b2-60d6867802df',144,154,432,129,'e5f89016-2d04-4953-8d17-bf8b90337d4d','2020-02-24 17:22:13.000'),('ce5feea9-653c-4e41-9ee8-fc55d93406fc',113,104,456,61,'213c4c80-7a49-41d9-be59-ef26643299ad','2020-02-24 17:22:13.000'),('ce9a0d7e-28c7-4037-8bcd-ecb88f33861d',160,136,466,148,'dc35cfe7-36b9-45d8-8b6c-622700510efd','2020-02-24 17:22:13.000'),('cf3de67b-86c5-43a8-aa83-d37acf42156e',229,216,185,108,'edfce2fe-347e-434a-8ffd-50afd4fb1e83','2020-02-24 17:22:13.000'),('cf969086-aea0-4965-8389-6ec66294470c',190,-242,439,284,'e013bf83-e4da-45d9-92e5-1b9e6168cd55','2020-02-24 17:22:13.000'),('d31016da-582e-4c48-a0ac-6a9d75620545',181,-167,690,207,'f881c199-81d3-49a4-94ea-818c2503c4a1','2020-02-24 17:22:13.000'),('d3edf80c-a817-416a-832b-1069bc1784f2',218,-282,646,296,'2a71d648-371d-4005-bbc1-5e3c56ba8aeb','2020-02-24 17:22:13.000'),('d5547dc4-a4c1-489b-898b-29da358c1436',356,291,70,211,'28885c7f-04d4-449b-aaca-10b2569757d6','2020-06-04 18:06:44.850'),('d57ab5d2-5d05-4e29-a973-03ca7cf7809a',190,122,250,326,'dcb8fdde-3084-458d-950e-37b7988a5860','2020-06-04 18:03:24.245'),('d5ac145e-0b0f-45e4-98c5-7567452b2575',133,253,353,378,'c219b3d9-03a2-4fa9-b5f8-db53f723bd7e','2020-02-24 17:22:13.000'),('d6b07789-4159-4099-b459-5ebc1c69c4e8',-275,-242,420,333,'b6430f15-4bb4-48fa-80e3-c22a3528a766','2020-02-24 17:22:13.000'),('db54e307-b655-4879-9dfb-19c76ae0825b',219,213,394,125,'a0a905a0-8e4b-466d-960e-e120d49b7e22','2020-02-24 17:22:13.000'),('dc73e48b-4d31-4651-ba60-f62d2285826d',101,75,153,322,'522ff45f-0ae9-454e-b4bf-fd1349a09c10','2020-02-24 17:22:13.000'),('def4186f-89eb-40a9-895d-6b156d0049d7',150,177,249,205,'ba4e0f74-98e3-483e-86ac-42b3f9e1deda','2020-02-24 17:22:13.000'),('df108aa9-d41b-43b4-90fc-86832ce97724',201,132,94,263,'4bd17014-4740-4fb9-a907-68ba9f9fcbd6','2020-02-24 17:22:13.000'),('e09f3abe-36fa-497d-9623-83614f3466b3',60,55,289,138,'90feacc6-af51-4534-b201-79fd549769d1','2020-02-24 17:22:13.000'),('e0a808bc-8a15-4b9a-9a8e-7070eee73e09',111,78,553,242,'3e400bd8-0ec4-4448-9175-2b33683f3b62','2020-02-24 17:22:13.000'),('e3790e37-77c9-491b-8380-963518c236c7',113,106,380,123,'e401f4b7-e06c-4bf4-8da7-936bf88e6ff9','2020-02-24 17:22:13.000'),('e38907d0-24e3-4ffa-97b5-4022ed11fa34',142,98,91,362,'1204f98b-bf02-4c69-8d12-901e9c1305c1','2020-02-24 17:22:13.000'),('e69c69c6-bfa4-4171-a487-7e4a3e0ffea5',173,122,372,153,'12fb47c4-5c68-4cc8-bad6-389326d72412','2020-02-24 17:22:13.000'),('e770bec8-39ca-4e49-a478-46b5c6e01abe',141,91,201,242,'3929a814-1b94-4df3-81ad-09e005d36c0d','2020-02-24 17:22:13.000'),('e9a6d3e9-0114-472c-a424-aaff509392d6',169,145,75,271,'8a8de298-827e-4eae-b79c-8b41fd477fc0','2020-02-24 17:22:13.000'),('ec9a2d71-39eb-4ab3-9ee4-438068f67b3d',97,66,389,220,'014d1018-a539-4d4d-baae-26faa8cd45e2','2020-02-24 17:22:13.000'),('ed78c70c-1503-43c9-a811-655734ddd006',192,-226,387,18,'0b35df95-f832-4e57-bd45-641d1596dd11','2020-02-24 17:22:13.000'),('eee0d8d3-82ed-48c0-8956-c8cfaa75a266',235,179,405,80,'2a4468db-829e-4138-8f58-8cc0348aa66b','2020-02-24 17:22:13.000'),('ef3fe1a6-5d60-4034-975e-9e73ddae066f',293,241,215,97,'4a2041c8-4585-49db-960e-d196ef8069bf','2020-02-24 17:22:13.000'),('f2635a5d-bb91-435f-a5f2-7e906c20d170',180,245,208,306,'899ab527-24c7-49bb-ae70-38567456b186','2020-02-24 17:22:13.000'),('f29b7ada-f1ad-4729-a67d-5327df8c6133',76,72,432,254,'6c057f46-9b7a-4dd5-9884-d66bd7dc0fed','2020-02-24 17:22:13.000'),('f3004509-aa57-4a18-adc5-13f0fbb86549',137,186,452,369,'210bfb89-1945-4c0e-bd76-e1472ba99740','2020-02-24 17:22:13.000'),('f310757d-19bf-4206-8e30-752274f0ea7c',253,215,149,36,'a727cd82-7e9a-49dd-bb60-84d26afceae7','2020-02-24 17:22:13.000'),('f3449d75-2bbd-421a-864d-e8a8ba101c65',204,-238,628,299,'4f8d6240-5d86-4439-a9a1-286c2c945269','2020-02-24 17:22:13.000'),('f3cc2d78-8be7-4baf-ad73-4e84338d250b',107,104,559,412,'e3121f9f-f932-4b76-880f-f5213c2039ef','2020-02-24 17:22:13.000'),('f443bf2f-5b20-4a44-9b78-a67c59aff419',345,156,537,46,'59c530ab-c76a-44bb-916b-acc395000d62','2020-02-24 17:22:13.000'),('f4dbdf06-98ce-4ea2-a06e-bcd559c9eec6',338,396,260,20,'baead96d-c7eb-470b-9b8c-c006db266ec0','2020-02-24 17:22:13.000'),('f7101f82-27d0-47ea-97e7-e6c0d9c7924b',-287,-281,555,390,'9af06e6b-6a87-4e9f-a0b7-10d98960f16e','2020-02-24 17:22:13.000'),('f9462c6f-ece6-431e-af4f-53292cccf376',76,-152,496,493,'7253498f-3fea-4134-8d62-fd5c8690d86c','2020-02-24 17:22:13.000'),('fae48327-0dd4-42dd-8691-0a05d829e208',134,91,594,380,'b4a76e9a-85b6-4f9d-ba27-7e85e2dfff9a','2020-02-24 17:22:13.000');
/*!40000 ALTER TABLE `polyplocation` ENABLE KEYS */;
UNLOCK TABLES;

--
-- Table structure for table `polyprecording`
--

DROP TABLE IF EXISTS `polyprecording`;
/*!40101 SET @saved_cs_client     = @@character_set_client */;
/*!40101 SET character_set_client = utf8 */;
CREATE TABLE `polyprecording` (
  `id` int(11) NOT NULL AUTO_INCREMENT,
  `end` int(11) NOT NULL,
  `start` int(11) NOT NULL,
  `polyp_id` varchar(255) DEFAULT NULL,
  `video_id` varchar(255) DEFAULT NULL,
  `confirmed` bit(1) DEFAULT b'0',
  `creation_date` datetime(3) DEFAULT NULL,
  `update_date` datetime(3) DEFAULT NULL,
  PRIMARY KEY (`id`),
  UNIQUE KEY `UK3b5be1u27giv88biccgx1plgn` (`video_id`,`polyp_id`,`start`,`end`),
  KEY `FKahq84qib3dgahokten4udjfie` (`video_id`),
  KEY `FK3edmv3619hxs7ae76gtlmae0n` (`polyp_id`),
  CONSTRAINT `FK3edmv3619hxs7ae76gtlmae0n` FOREIGN KEY (`polyp_id`) REFERENCES `polyp` (`id`),
  CONSTRAINT `FKahq84qib3dgahokten4udjfie` FOREIGN KEY (`video_id`) REFERENCES `video` (`id`)
) ENGINE=InnoDB AUTO_INCREMENT=2372 DEFAULT CHARSET=latin1;
/*!40101 SET character_set_client = @saved_cs_client */;

--
-- Dumping data for table `polyprecording`
--

LOCK TABLES `polyprecording` WRITE;
/*!40000 ALTER TABLE `polyprecording` DISABLE KEYS */;
INSERT INTO `polyprecording` VALUES (26,93,63,'1091d72c-0778-4154-b766-af62dd928ee0','53e30e7d-73a0-45a2-9256-6405203fc4ef',_binary '\0','2018-12-04 14:46:23.000','2020-02-24 17:22:03.000'),(42,69,54,'1a5fa456-6ccb-48f5-902a-f49ec1499fb3','14ef1f44-b9a4-466c-b503-1975a296fa49',_binary '','2019-01-15 14:55:43.000','2020-02-24 17:21:57.000'),(54,703,671,'233a7ac3-05b0-4a8c-9e35-3bf5104b25b7','8697cdf9-9d43-4600-bb4a-7a139a0b4bcb',_binary '\0','2018-11-23 14:38:51.000','2020-02-24 17:22:13.000'),(68,123,84,'2b394672-7831-415d-b466-ea177fda5192','4ddd48e2-87c3-46b4-867b-1afd137ad00f',_binary '\0','2018-12-04 14:45:23.000','2020-02-24 17:22:02.000'),(114,253,237,'53e6ad0b-99b7-4b64-8a49-16601a993333','40fbc013-7c68-416a-b0ab-0b63b5dc4db8',_binary '','2018-12-14 13:03:16.000','2020-02-24 17:22:10.000'),(310,148,113,'f2a1defd-26fd-4926-b5db-1973dd6a803b','8697cdf9-9d43-4600-bb4a-7a139a0b4bcb',_binary '\0','2018-11-23 14:38:51.000','2020-02-24 17:22:13.000'),(362,210,197,'a5e78296-3246-4fc2-bafe-b5ae62e2c774','d4ee9c69-2392-4f46-8909-07818d175c1c',_binary '\0','2019-01-24 13:24:15.000','2020-02-24 17:22:09.000'),(366,569,568,'93d44ede-50eb-4d85-8b79-c6449b1b15ea','d4ee9c69-2392-4f46-8909-07818d175c1c',_binary '\0','2019-01-24 13:24:15.000','2020-02-24 17:22:09.000'),(367,686,660,'3213fe99-f774-4dc5-a12a-f69ffee8e17c','d4ee9c69-2392-4f46-8909-07818d175c1c',_binary '\0','2019-01-24 13:24:15.000','2020-02-24 17:22:09.000'),(369,755,749,'9d10bb13-8b4f-4e65-a6c9-022116d3e1bf','d4ee9c69-2392-4f46-8909-07818d175c1c',_binary '\0','2019-01-24 13:24:15.000','2020-02-24 17:22:09.000'),(370,798,783,'d7684e84-7141-47bb-97b1-b96f57c91e1b','d4ee9c69-2392-4f46-8909-07818d175c1c',_binary '\0','2019-01-24 13:24:15.000','2020-02-24 17:22:09.000'),(371,15,5,'d7684e84-7141-47bb-97b1-b96f57c91e1b','a1e73b6b-b99a-4dc1-868a-2e31434e1963',_binary '','2019-01-24 13:21:49.000','2020-02-24 17:22:09.000'),(398,130,85,'df07c55a-7d18-47e3-971a-e8ef375fdf92','8b6885a8-187f-4aa5-b04a-782d19266d42',_binary '\0','2019-01-29 12:12:55.000','2020-02-24 17:22:02.000'),(434,205,154,'be83f272-eff0-4aa8-af45-be39007b0a78','c3af7d54-5b06-4b3f-aa00-ca6cbc14d97e',_binary '','2019-01-23 15:50:20.000','2020-02-24 17:22:04.000'),(435,319,317,'53f3c515-0b21-424e-a547-10f30c110236','c3af7d54-5b06-4b3f-aa00-ca6cbc14d97e',_binary '\0','2019-01-23 15:50:20.000','2020-02-24 17:22:04.000'),(540,72,58,'9d6763b6-5dc3-46b2-93d8-f851428d2462','9afd1214-1763-4a98-ba40-51dda4a5ffcb',_binary '\0','2019-02-13 08:50:09.000','2020-02-24 17:22:06.000'),(542,190,184,'521324cc-2f3c-4e06-9f4a-b215182ac514','9afd1214-1763-4a98-ba40-51dda4a5ffcb',_binary '\0','2019-02-13 08:50:09.000','2020-02-24 17:22:06.000'),(633,102,47,'b7f64ebb-5b2f-490a-86c8-aea0e46e0c68','bf0cb4e8-52d9-4749-99b7-6461f9a8fa63',_binary '\0','2019-02-21 09:12:29.000','2020-02-24 17:22:00.000'),(636,199,193,'9ad7e8d6-4801-4ca5-9990-2929b6e5eee8','b236930a-5059-4464-aa4e-098d79647d05',_binary '\0','2019-02-21 09:23:56.000','2020-02-24 17:22:00.000'),(701,702,683,'00689bdd-cab0-4e63-a4a2-0db736ef933b','d95e1143-c6e6-4bc7-9a66-16ca609d0a66',_binary '','2019-03-13 08:51:14.000','2020-02-24 17:22:12.000'),(703,195,191,'f4eac7d0-7e81-4ab1-9678-e64d2bc440af','a7c5274f-780d-48f6-89c1-50ad66979b59',_binary '','2019-03-13 08:54:18.000','2020-02-24 17:22:11.000'),(706,402,394,'6e0fc32d-4d5d-42ab-acf2-2830ce3cd33a','a7c5274f-780d-48f6-89c1-50ad66979b59',_binary '','2019-03-13 08:54:18.000','2020-02-24 17:22:11.000'),(709,406,403,'26fedfd0-8a92-4799-aafb-0d2de0c7fcee','a7c5274f-780d-48f6-89c1-50ad66979b59',_binary '','2019-03-13 08:54:18.000','2020-02-24 17:22:11.000'),(710,499,493,'7891a1a0-2562-4e5d-82d4-485f1933d38c','a7c5274f-780d-48f6-89c1-50ad66979b59',_binary '','2019-03-13 08:54:18.000','2020-02-24 17:22:11.000'),(713,76,39,'c5bc5777-573a-409e-983b-28996e6b2c33','936b666c-5c4f-46f5-acd4-65be49fbd775',_binary '','2019-03-13 08:56:04.000','2020-02-24 17:22:11.000'),(716,569,544,'7facc8fb-c26c-4497-9774-ba75789ceaae','936b666c-5c4f-46f5-acd4-65be49fbd775',_binary '','2019-03-13 08:56:04.000','2020-02-24 17:22:11.000'),(912,574,565,'8fd6f6c7-d241-4542-ae6e-bfdac64b038c','8697cdf9-9d43-4600-bb4a-7a139a0b4bcb',_binary '\0','2018-11-23 14:38:51.000','2020-02-24 17:22:13.000'),(913,27,26,'588eb89f-de55-4374-b85c-9d048e5a180c','dc4154e8-eb56-4746-9da3-b74d5d12d1f1',_binary '\0','2018-11-23 14:28:54.000','2020-02-24 17:22:13.000'),(914,40,35,'588eb89f-de55-4374-b85c-9d048e5a180c','dc4154e8-eb56-4746-9da3-b74d5d12d1f1',_binary '\0','2018-11-23 14:28:54.000','2020-02-24 17:22:13.000'),(928,319,318,'759206e6-c5f4-44dc-b834-12b3421a68ba','4ddd48e2-87c3-46b4-867b-1afd137ad00f',_binary '\0','2018-12-04 14:45:23.000','2020-02-24 17:22:02.000'),(930,415,399,'6473a645-3891-47b5-b0b9-e2f7f449743c','4ddd48e2-87c3-46b4-867b-1afd137ad00f',_binary '\0','2018-12-04 14:45:23.000','2020-02-24 17:22:02.000'),(931,438,430,'6473a645-3891-47b5-b0b9-e2f7f449743c','4ddd48e2-87c3-46b4-867b-1afd137ad00f',_binary '\0','2018-12-04 14:45:23.000','2020-02-24 17:22:02.000'),(932,463,442,'6473a645-3891-47b5-b0b9-e2f7f449743c','4ddd48e2-87c3-46b4-867b-1afd137ad00f',_binary '\0','2018-12-04 14:45:23.000','2020-02-24 17:22:02.000'),(933,419,414,'c4144a98-ed8c-4a56-b08e-a4231ae6acf5','53e30e7d-73a0-45a2-9256-6405203fc4ef',_binary '\0','2018-12-04 14:46:23.000','2020-02-24 17:22:03.000'),(934,446,443,'c4144a98-ed8c-4a56-b08e-a4231ae6acf5','53e30e7d-73a0-45a2-9256-6405203fc4ef',_binary '\0','2018-12-04 14:46:23.000','2020-02-24 17:22:03.000'),(935,498,497,'c4144a98-ed8c-4a56-b08e-a4231ae6acf5','53e30e7d-73a0-45a2-9256-6405203fc4ef',_binary '\0','2018-12-04 14:46:23.000','2020-02-24 17:22:03.000'),(936,717,709,'0859f763-d5c8-496a-8a24-f6ff4960889e','53e30e7d-73a0-45a2-9256-6405203fc4ef',_binary '\0','2018-12-04 14:46:23.000','2020-02-24 17:22:03.000'),(937,721,720,'0859f763-d5c8-496a-8a24-f6ff4960889e','53e30e7d-73a0-45a2-9256-6405203fc4ef',_binary '\0','2018-12-04 14:46:23.000','2020-02-24 17:22:03.000'),(1053,332,321,'1dd8e0f0-de02-4cc0-8712-ee6ae6e877a7','40fbc013-7c68-416a-b0ab-0b63b5dc4db8',_binary '','2018-12-14 13:03:16.000','2020-02-24 17:22:10.000'),(1101,8,1,'98640e3e-97e5-46a6-ac84-5fdb6cfca519','86ff8f2f-42ea-42ef-aa08-2b5104a77085',_binary '','2019-01-15 15:09:08.000','2020-02-24 17:21:58.000'),(1102,17,16,'98640e3e-97e5-46a6-ac84-5fdb6cfca519','86ff8f2f-42ea-42ef-aa08-2b5104a77085',_binary '','2019-01-15 15:09:08.000','2020-02-24 17:21:58.000'),(1103,22,21,'98640e3e-97e5-46a6-ac84-5fdb6cfca519','86ff8f2f-42ea-42ef-aa08-2b5104a77085',_binary '','2019-01-15 15:09:08.000','2020-02-24 17:21:58.000'),(1104,36,24,'98640e3e-97e5-46a6-ac84-5fdb6cfca519','86ff8f2f-42ea-42ef-aa08-2b5104a77085',_binary '','2019-01-15 15:09:08.000','2020-02-24 17:21:58.000'),(1105,49,46,'98640e3e-97e5-46a6-ac84-5fdb6cfca519','86ff8f2f-42ea-42ef-aa08-2b5104a77085',_binary '','2019-01-15 15:09:08.000','2020-02-24 17:21:58.000'),(1106,446,442,'150aeaef-e250-40a0-9982-b8c01fb040f0','86ff8f2f-42ea-42ef-aa08-2b5104a77085',_binary '','2019-01-15 15:09:08.000','2020-02-24 17:21:58.000'),(1108,463,451,'150aeaef-e250-40a0-9982-b8c01fb040f0','86ff8f2f-42ea-42ef-aa08-2b5104a77085',_binary '','2019-01-15 15:09:08.000','2020-02-24 17:21:58.000'),(1109,661,647,'6e5740f1-a336-416d-b2dc-242e87227e57','86ff8f2f-42ea-42ef-aa08-2b5104a77085',_binary '','2019-01-15 15:09:08.000','2020-02-24 17:21:58.000'),(1110,681,664,'6e5740f1-a336-416d-b2dc-242e87227e57','86ff8f2f-42ea-42ef-aa08-2b5104a77085',_binary '','2019-01-15 15:09:08.000','2020-02-24 17:21:58.000'),(1111,724,702,'efe6d5d0-2e17-484c-95c5-e520e579a41a','86ff8f2f-42ea-42ef-aa08-2b5104a77085',_binary '','2019-01-15 15:09:08.000','2020-02-24 17:21:58.000'),(1112,733,731,'efe6d5d0-2e17-484c-95c5-e520e579a41a','86ff8f2f-42ea-42ef-aa08-2b5104a77085',_binary '','2019-01-15 15:09:08.000','2020-02-24 17:21:58.000'),(1113,758,757,'83b3d301-7f84-453c-b908-121cf0b705f3','86ff8f2f-42ea-42ef-aa08-2b5104a77085',_binary '','2019-01-15 15:09:08.000','2020-02-24 17:21:58.000'),(1114,775,760,'83b3d301-7f84-453c-b908-121cf0b705f3','86ff8f2f-42ea-42ef-aa08-2b5104a77085',_binary '','2019-01-15 15:09:08.000','2020-02-24 17:21:58.000'),(1115,783,779,'83b3d301-7f84-453c-b908-121cf0b705f3','86ff8f2f-42ea-42ef-aa08-2b5104a77085',_binary '','2019-01-15 15:09:08.000','2020-02-24 17:21:58.000'),(1116,13,10,'baf3cbad-f467-404f-ac1c-8213354a7eb2','14ef1f44-b9a4-466c-b503-1975a296fa49',_binary '','2019-01-15 14:55:43.000','2020-02-24 17:21:57.000'),(1117,22,14,'baf3cbad-f467-404f-ac1c-8213354a7eb2','14ef1f44-b9a4-466c-b503-1975a296fa49',_binary '','2019-01-15 14:55:43.000','2020-02-24 17:21:57.000'),(1118,42,24,'baf3cbad-f467-404f-ac1c-8213354a7eb2','14ef1f44-b9a4-466c-b503-1975a296fa49',_binary '','2019-01-15 14:55:43.000','2020-02-24 17:21:57.000'),(1119,153,147,'a31d6252-0adb-4560-bcb8-0bf1fdd798b0','14ef1f44-b9a4-466c-b503-1975a296fa49',_binary '','2019-01-15 14:55:43.000','2020-02-24 17:21:57.000'),(1120,169,155,'a31d6252-0adb-4560-bcb8-0bf1fdd798b0','14ef1f44-b9a4-466c-b503-1975a296fa49',_binary '','2019-01-15 14:55:43.000','2020-02-24 17:21:57.000'),(1312,21,16,'0aff1456-11ba-4df6-83bb-355b428d24bb','e08fcf4f-567f-45d4-900c-0bf3152ce232',_binary '\0','2019-01-22 12:16:31.000','2020-02-24 17:22:06.000'),(1313,33,28,'0aff1456-11ba-4df6-83bb-355b428d24bb','e08fcf4f-567f-45d4-900c-0bf3152ce232',_binary '\0','2019-01-22 12:16:31.000','2020-02-24 17:22:06.000'),(1314,43,36,'0aff1456-11ba-4df6-83bb-355b428d24bb','e08fcf4f-567f-45d4-900c-0bf3152ce232',_binary '\0','2019-01-22 12:16:31.000','2020-02-24 17:22:06.000'),(1315,48,46,'0aff1456-11ba-4df6-83bb-355b428d24bb','e08fcf4f-567f-45d4-900c-0bf3152ce232',_binary '\0','2019-01-22 12:16:31.000','2020-02-24 17:22:06.000'),(1316,71,54,'0aff1456-11ba-4df6-83bb-355b428d24bb','e08fcf4f-567f-45d4-900c-0bf3152ce232',_binary '\0','2019-01-22 12:16:31.000','2020-02-24 17:22:06.000'),(1317,349,348,'fc3ad08f-0071-4965-a6cf-38e931ddc633','e08fcf4f-567f-45d4-900c-0bf3152ce232',_binary '\0','2019-01-22 12:16:31.000','2020-02-24 17:22:06.000'),(1318,370,356,'fc3ad08f-0071-4965-a6cf-38e931ddc633','e08fcf4f-567f-45d4-900c-0bf3152ce232',_binary '\0','2019-01-22 12:16:31.000','2020-02-24 17:22:06.000'),(1319,398,373,'fc3ad08f-0071-4965-a6cf-38e931ddc633','e08fcf4f-567f-45d4-900c-0bf3152ce232',_binary '\0','2019-01-22 12:16:31.000','2020-02-24 17:22:06.000'),(1320,15,13,'87de9e85-6d0f-48ba-a428-38b0668c564a','3906225d-8090-4661-aada-bae00937ff75',_binary '','2019-01-22 12:20:09.000','2020-02-24 17:22:06.000'),(1321,35,17,'87de9e85-6d0f-48ba-a428-38b0668c564a','3906225d-8090-4661-aada-bae00937ff75',_binary '\0','2019-01-22 12:20:09.000','2020-02-24 17:22:06.000'),(1322,376,364,'440cdc0e-e3df-4164-98bc-a8543ebe85b5','3906225d-8090-4661-aada-bae00937ff75',_binary '\0','2019-01-22 12:20:09.000','2020-02-24 17:22:06.000'),(1323,385,382,'440cdc0e-e3df-4164-98bc-a8543ebe85b5','3906225d-8090-4661-aada-bae00937ff75',_binary '\0','2019-01-22 12:20:09.000','2020-02-24 17:22:06.000'),(1324,560,559,'eba44072-b406-4e1c-b524-f764f0579103','3906225d-8090-4661-aada-bae00937ff75',_binary '','2019-01-22 12:20:09.000','2020-02-24 17:22:06.000'),(1326,575,574,'6943be9c-47c0-4dbc-80c4-bfd5244d4f5f','3906225d-8090-4661-aada-bae00937ff75',_binary '\0','2019-01-22 12:20:09.000','2020-02-24 17:22:06.000'),(1327,579,577,'6943be9c-47c0-4dbc-80c4-bfd5244d4f5f','3906225d-8090-4661-aada-bae00937ff75',_binary '\0','2019-01-22 12:20:09.000','2020-02-24 17:22:06.000'),(1328,583,581,'6943be9c-47c0-4dbc-80c4-bfd5244d4f5f','3906225d-8090-4661-aada-bae00937ff75',_binary '','2019-01-22 12:20:09.000','2020-02-24 17:22:06.000'),(1347,16,5,'a790d841-8ef8-490f-8b7d-5ac37c71ebbb','c3af7d54-5b06-4b3f-aa00-ca6cbc14d97e',_binary '','2019-01-23 15:50:20.000','2020-02-24 17:22:04.000'),(1348,137,122,'be83f272-eff0-4aa8-af45-be39007b0a78','c3af7d54-5b06-4b3f-aa00-ca6cbc14d97e',_binary '\0','2019-01-23 15:50:20.000','2020-02-24 17:22:04.000'),(1349,150,146,'be83f272-eff0-4aa8-af45-be39007b0a78','c3af7d54-5b06-4b3f-aa00-ca6cbc14d97e',_binary '\0','2019-01-23 15:50:20.000','2020-02-24 17:22:04.000'),(1350,430,414,'2cd1682f-a7bf-4aec-8ef9-e78d48156633','c3af7d54-5b06-4b3f-aa00-ca6cbc14d97e',_binary '','2019-01-23 15:50:20.000','2020-02-24 17:22:04.000'),(1351,173,157,'4168eaa4-6305-4556-afbd-b0ad25c6df44','335d4b5b-2b9c-49c2-8224-ad1c237a5e6d',_binary '\0','2019-01-23 15:53:17.000','2020-02-24 17:22:03.000'),(1352,259,251,'1e8f4c2c-d81d-417e-909a-37d45809e5ff','335d4b5b-2b9c-49c2-8224-ad1c237a5e6d',_binary '\0','2019-01-23 15:53:17.000','2020-02-24 17:22:03.000'),(1353,278,265,'1e8f4c2c-d81d-417e-909a-37d45809e5ff','335d4b5b-2b9c-49c2-8224-ad1c237a5e6d',_binary '\0','2019-01-23 15:53:17.000','2020-02-24 17:22:03.000'),(1354,396,389,'c1638b90-4cd9-475f-992d-7e0113071572','335d4b5b-2b9c-49c2-8224-ad1c237a5e6d',_binary '\0','2019-01-23 15:53:17.000','2020-02-24 17:22:03.000'),(1355,426,417,'c1638b90-4cd9-475f-992d-7e0113071572','335d4b5b-2b9c-49c2-8224-ad1c237a5e6d',_binary '\0','2019-01-23 15:53:17.000','2020-02-24 17:22:03.000'),(1357,592,587,'16699751-0da4-4120-a96e-8c8deaef6d78','335d4b5b-2b9c-49c2-8224-ad1c237a5e6d',_binary '\0','2019-01-23 15:53:17.000','2020-02-24 17:22:03.000'),(1358,620,612,'16699751-0da4-4120-a96e-8c8deaef6d78','335d4b5b-2b9c-49c2-8224-ad1c237a5e6d',_binary '\0','2019-01-23 15:53:17.000','2020-02-24 17:22:03.000'),(1359,181,175,'5457ff13-8829-49b6-81b9-cecce8b63911','93149ea9-cbb9-4d48-bea1-ffb0adc7d733',_binary '\0','2019-01-23 15:53:19.000','2020-02-24 17:22:04.000'),(1361,213,209,'9b9f2d06-f40b-442f-8aab-962762006fea','93149ea9-cbb9-4d48-bea1-ffb0adc7d733',_binary '','2019-01-23 15:53:19.000','2020-02-24 17:22:04.000'),(1365,33,15,'7aabc31b-98f7-4c15-ac9a-dec26268126e','d4ee9c69-2392-4f46-8909-07818d175c1c',_binary '\0','2019-01-24 13:24:15.000','2020-02-24 17:22:09.000'),(1366,261,240,'5d48a209-b827-4d8f-bda6-79fb19b1a7b1','d4ee9c69-2392-4f46-8909-07818d175c1c',_binary '\0','2019-01-24 13:24:15.000','2020-02-24 17:22:09.000'),(1367,218,215,'a0e61f98-6a2a-458d-b149-cec328ee6e05','d4ee9c69-2392-4f46-8909-07818d175c1c',_binary '\0','2019-01-24 13:24:15.000','2020-02-24 17:22:09.000'),(1368,486,473,'aa8d421b-e162-4e70-b215-9987e574400d','d4ee9c69-2392-4f46-8909-07818d175c1c',_binary '\0','2019-01-24 13:24:15.000','2020-02-24 17:22:09.000'),(1369,17,15,'06719ee8-1585-41e7-bf01-9e7684b2c38e','a1e73b6b-b99a-4dc1-868a-2e31434e1963',_binary '','2019-01-24 13:21:49.000','2020-02-24 17:22:09.000'),(1370,115,107,'125a0656-4b5b-4d67-b735-ecd10b6af82b','a1e73b6b-b99a-4dc1-868a-2e31434e1963',_binary '','2019-01-24 13:21:49.000','2020-02-24 17:22:09.000'),(1371,337,300,'f05a544d-af71-4b7d-bb54-2209cd84391f','a1e73b6b-b99a-4dc1-868a-2e31434e1963',_binary '','2019-01-24 13:21:49.000','2020-02-24 17:22:09.000'),(1560,154,139,'521324cc-2f3c-4e06-9f4a-b215182ac514','9afd1214-1763-4a98-ba40-51dda4a5ffcb',_binary '\0','2019-02-13 08:50:09.000','2020-02-24 17:22:06.000'),(1594,260,259,'4b22c1b0-d175-4342-a11c-48f5dd2d538f','8218687c-1a73-44f6-944c-782ee697c3ba',_binary '\0','2019-02-21 09:06:14.000','2020-02-24 17:21:59.000'),(1595,283,274,'4b22c1b0-d175-4342-a11c-48f5dd2d538f','8218687c-1a73-44f6-944c-782ee697c3ba',_binary '\0','2019-02-21 09:06:14.000','2020-02-24 17:21:59.000'),(1596,305,286,'4b22c1b0-d175-4342-a11c-48f5dd2d538f','8218687c-1a73-44f6-944c-782ee697c3ba',_binary '\0','2019-02-21 09:06:14.000','2020-02-24 17:21:59.000'),(1597,125,123,'4acce8ac-019b-4211-b7df-9aea5cbf785f','bf0cb4e8-52d9-4749-99b7-6461f9a8fa63',_binary '\0','2019-02-21 09:12:29.000','2020-02-24 17:22:00.000'),(1598,133,128,'4acce8ac-019b-4211-b7df-9aea5cbf785f','bf0cb4e8-52d9-4749-99b7-6461f9a8fa63',_binary '\0','2019-02-21 09:12:29.000','2020-02-24 17:22:00.000'),(1599,143,141,'4acce8ac-019b-4211-b7df-9aea5cbf785f','bf0cb4e8-52d9-4749-99b7-6461f9a8fa63',_binary '\0','2019-02-21 09:12:29.000','2020-02-24 17:22:00.000'),(1600,147,145,'4acce8ac-019b-4211-b7df-9aea5cbf785f','bf0cb4e8-52d9-4749-99b7-6461f9a8fa63',_binary '\0','2019-02-21 09:12:29.000','2020-02-24 17:22:00.000'),(1601,153,150,'8d41a1fb-5d17-4bad-90cf-b6f1b6cd6b46','bf0cb4e8-52d9-4749-99b7-6461f9a8fa63',_binary '\0','2019-02-21 09:12:29.000','2020-02-24 17:22:00.000'),(1602,159,157,'8d41a1fb-5d17-4bad-90cf-b6f1b6cd6b46','bf0cb4e8-52d9-4749-99b7-6461f9a8fa63',_binary '\0','2019-02-21 09:12:29.000','2020-02-24 17:22:00.000'),(1675,4,0,'7e0c751a-9e37-4ac8-be0e-82bfc2a12b1e','d95e1143-c6e6-4bc7-9a66-16ca609d0a66',_binary '','2019-03-13 08:51:14.000','2020-02-24 17:22:12.000'),(1676,164,160,'6ef4e060-c506-4ddd-bd39-15f1ee0e1d48','a7c5274f-780d-48f6-89c1-50ad66979b59',_binary '','2019-03-13 08:54:18.000','2020-02-24 17:22:11.000'),(1677,282,276,'5c4acfb8-8bd1-4284-ad99-122b4dbd3b3e','a7c5274f-780d-48f6-89c1-50ad66979b59',_binary '','2019-03-13 08:54:18.000','2020-02-24 17:22:11.000'),(1678,291,284,'5c4acfb8-8bd1-4284-ad99-122b4dbd3b3e','a7c5274f-780d-48f6-89c1-50ad66979b59',_binary '','2019-03-13 08:54:18.000','2020-02-24 17:22:11.000'),(1679,388,385,'76e1eb01-1922-451f-a48a-e6524e897611','a7c5274f-780d-48f6-89c1-50ad66979b59',_binary '','2019-03-13 08:54:18.000','2020-02-24 17:22:11.000'),(1680,449,445,'26fedfd0-8a92-4799-aafb-0d2de0c7fcee','a7c5274f-780d-48f6-89c1-50ad66979b59',_binary '','2019-03-13 08:54:18.000','2020-02-24 17:22:11.000'),(1681,686,680,'3277cb79-138b-41e3-97ee-6700420a7285','a7c5274f-780d-48f6-89c1-50ad66979b59',_binary '','2019-03-13 08:54:18.000','2020-02-24 17:22:11.000'),(1682,712,709,'b3dc5acf-52d1-48c2-a31d-cad0700a20b6','a7c5274f-780d-48f6-89c1-50ad66979b59',_binary '','2019-03-13 08:54:18.000','2020-02-24 17:22:11.000'),(1683,260,257,'55bcd9af-49a9-4fae-9f62-142b1d6d0040','936b666c-5c4f-46f5-acd4-65be49fbd775',_binary '','2019-03-13 08:56:04.000','2020-02-24 17:22:11.000'),(1684,271,270,'1bc4e60d-73db-47da-92f7-566be45a3cfe','936b666c-5c4f-46f5-acd4-65be49fbd775',_binary '','2019-03-13 08:56:04.000','2020-02-24 17:22:11.000'),(1828,610,585,'eba44072-b406-4e1c-b524-f764f0579103','3906225d-8090-4661-aada-bae00937ff75',_binary '\0','2019-01-22 12:20:09.000','2020-02-24 17:22:06.000'),(1829,615,612,'eba44072-b406-4e1c-b524-f764f0579103','3906225d-8090-4661-aada-bae00937ff75',_binary '\0','2019-01-22 12:20:09.000','2020-02-24 17:22:06.000'),(1830,573,562,'eba44072-b406-4e1c-b524-f764f0579103','3906225d-8090-4661-aada-bae00937ff75',_binary '\0','2019-01-22 12:20:09.000','2020-02-24 17:22:06.000'),(1841,353,321,'759206e6-c5f4-44dc-b834-12b3421a68ba','4ddd48e2-87c3-46b4-867b-1afd137ad00f',_binary '\0','2018-12-04 14:45:23.000','2020-02-24 17:22:02.000'),(1886,423,421,'6473a645-3891-47b5-b0b9-e2f7f449743c','4ddd48e2-87c3-46b4-867b-1afd137ad00f',_binary '\0','2018-12-04 14:45:23.000','2020-02-24 17:22:02.000'),(1887,644,643,'0859f763-d5c8-496a-8a24-f6ff4960889e','53e30e7d-73a0-45a2-9256-6405203fc4ef',_binary '\0','2018-12-04 14:46:23.000','2020-02-24 17:22:03.000'),(1894,45,37,'98640e3e-97e5-46a6-ac84-5fdb6cfca519','86ff8f2f-42ea-42ef-aa08-2b5104a77085',_binary '','2019-01-15 15:09:08.000','2020-02-24 17:21:58.000'),(1910,6,4,'7aabc31b-98f7-4c15-ac9a-dec26268126e','d4ee9c69-2392-4f46-8909-07818d175c1c',_binary '\0','2019-01-24 13:24:15.000','2020-02-24 17:22:09.000'),(1913,140,139,'be83f272-eff0-4aa8-af45-be39007b0a78','c3af7d54-5b06-4b3f-aa00-ca6cbc14d97e',_binary '','2019-01-23 15:50:20.000','2020-02-24 17:22:04.000'),(1930,257,256,'4b22c1b0-d175-4342-a11c-48f5dd2d538f','8218687c-1a73-44f6-944c-782ee697c3ba',_binary '\0','2019-02-21 09:06:14.000','2020-02-24 17:21:59.000'),(1986,66,0,'6a993aa4-9274-4c19-aa12-6f01c80244c8','527f0078-3fb8-46d6-b5d3-ba5e562996bf',_binary '\0','2019-05-27 14:28:55.000','2020-02-24 17:22:08.000'),(1987,83,72,'6a993aa4-9274-4c19-aa12-6f01c80244c8','527f0078-3fb8-46d6-b5d3-ba5e562996bf',_binary '\0','2019-05-27 14:28:55.000','2020-02-24 17:22:08.000'),(2185,6,0,'ccc78dec-74e1-427e-a57e-790bfaf8a17c','8503b864-97b0-4468-950f-9058a7d53f17',_binary '','2019-09-16 10:43:38.000','2020-02-24 17:22:08.000'),(2186,27,14,'ccc78dec-74e1-427e-a57e-790bfaf8a17c','8503b864-97b0-4468-950f-9058a7d53f17',_binary '','2019-09-16 10:43:38.000','2020-02-24 17:22:08.000'),(2187,57,39,'ccc78dec-74e1-427e-a57e-790bfaf8a17c','8503b864-97b0-4468-950f-9058a7d53f17',_binary '','2019-09-16 10:43:38.000','2020-02-24 17:22:08.000'),(2188,252,212,'f25b8d33-4eb3-4f2b-8791-0f7fcef7e540','8503b864-97b0-4468-950f-9058a7d53f17',_binary '','2019-09-16 10:43:38.000','2020-02-24 17:22:08.000'),(2189,337,292,'3b9e19f8-a124-4f5c-a81c-21f29cf588a2','8503b864-97b0-4468-950f-9058a7d53f17',_binary '','2019-09-16 10:43:38.000','2020-02-24 17:22:08.000'),(2190,412,379,'6287e192-5310-4260-aa08-91cca9bfb8c7','8503b864-97b0-4468-950f-9058a7d53f17',_binary '','2019-09-16 10:43:38.000','2020-02-24 17:22:08.000'),(2191,757,694,'063792e9-2526-4b75-94ca-4372ab79c94c','8503b864-97b0-4468-950f-9058a7d53f17',_binary '','2019-09-16 10:43:38.000','2020-02-24 17:22:08.000'),(2193,382,375,'93cc3511-dd5c-4812-9666-7e2b443f4bb6','5e87ce1d-52a1-4cfe-ad29-64b3f118716d',_binary '','2019-09-16 10:46:10.000','2020-02-24 17:22:07.000'),(2194,41,34,'f2101afb-e3c2-491d-9afe-b9b955745939','db1062f4-cadc-4b78-be16-33440e20194c',_binary '','2019-09-16 10:35:04.000','2020-02-24 17:22:08.000'),(2195,31,30,'df7fa4cf-c7da-4593-a82a-627dfe9c889b','0df2502c-1f81-45b5-9392-fc1ca7ccec02',_binary '\0','2019-09-20 09:03:54.000','2020-02-24 17:22:05.000'),(2196,39,35,'df7fa4cf-c7da-4593-a82a-627dfe9c889b','0df2502c-1f81-45b5-9392-fc1ca7ccec02',_binary '\0','2019-09-20 09:03:54.000','2020-02-24 17:22:05.000'),(2197,46,44,'df7fa4cf-c7da-4593-a82a-627dfe9c889b','0df2502c-1f81-45b5-9392-fc1ca7ccec02',_binary '\0','2019-09-20 09:03:54.000','2020-02-24 17:22:05.000'),(2198,96,95,'d4bccfd6-fd22-4d7b-b10c-2589006fdbf5','0df2502c-1f81-45b5-9392-fc1ca7ccec02',_binary '\0','2019-09-20 09:03:54.000','2020-02-24 17:22:05.000'),(2199,669,668,'3ad23d73-7018-464c-904d-0686e3e06ef9','0df2502c-1f81-45b5-9392-fc1ca7ccec02',_binary '\0','2019-09-20 09:03:54.000','2020-02-24 17:22:05.000'),(2200,708,687,'3ad23d73-7018-464c-904d-0686e3e06ef9','0df2502c-1f81-45b5-9392-fc1ca7ccec02',_binary '\0','2019-09-20 09:03:54.000','2020-02-24 17:22:05.000'),(2245,40,5,'33bde5a4-37ca-4928-a083-e00c683a148a','d9f7a948-4288-4a76-a431-cd7a2b198fe3',_binary '\0','2019-09-27 14:57:46.000','2020-02-24 17:21:58.000'),(2246,213,185,'8c485c96-69a5-4f16-b766-b0d820358c10','d9f7a948-4288-4a76-a431-cd7a2b198fe3',_binary '\0','2019-09-27 14:57:46.000','2020-02-24 17:21:58.000'),(2274,25,24,'03524142-8b3b-49aa-8613-7b0f9b0cb66d','014aac6f-e1e4-4885-abc5-842a2ccd8ac0',_binary '','2019-10-17 09:05:07.000','2020-02-24 17:22:13.000'),(2275,33,29,'03524142-8b3b-49aa-8613-7b0f9b0cb66d','014aac6f-e1e4-4885-abc5-842a2ccd8ac0',_binary '','2019-10-17 09:05:07.000','2020-02-24 17:22:13.000'),(2276,47,39,'03524142-8b3b-49aa-8613-7b0f9b0cb66d','014aac6f-e1e4-4885-abc5-842a2ccd8ac0',_binary '','2019-10-17 09:05:07.000','2020-02-24 17:22:13.000'),(2277,70,65,'03524142-8b3b-49aa-8613-7b0f9b0cb66d','014aac6f-e1e4-4885-abc5-842a2ccd8ac0',_binary '','2019-10-17 09:05:07.000','2020-02-24 17:22:13.000'),(2278,414,397,'e60834bf-66b0-4f03-a39d-9347e5fd0dfd','014aac6f-e1e4-4885-abc5-842a2ccd8ac0',_binary '','2019-10-17 09:05:07.000','2020-02-24 17:22:13.000'),(2279,571,564,'f478a578-c482-49ba-85ed-b6e49a04aeab','014aac6f-e1e4-4885-abc5-842a2ccd8ac0',_binary '','2019-10-17 09:05:07.000','2020-02-24 17:22:13.000'),(2280,579,578,'f478a578-c482-49ba-85ed-b6e49a04aeab','014aac6f-e1e4-4885-abc5-842a2ccd8ac0',_binary '','2019-10-17 09:05:07.000','2020-02-24 17:22:13.000'),(2281,584,583,'f478a578-c482-49ba-85ed-b6e49a04aeab','014aac6f-e1e4-4885-abc5-842a2ccd8ac0',_binary '','2019-10-17 09:05:07.000','2020-02-24 17:22:13.000'),(2282,588,587,'f478a578-c482-49ba-85ed-b6e49a04aeab','014aac6f-e1e4-4885-abc5-842a2ccd8ac0',_binary '','2019-10-17 09:05:07.000','2020-02-24 17:22:13.000'),(2283,600,598,'f478a578-c482-49ba-85ed-b6e49a04aeab','014aac6f-e1e4-4885-abc5-842a2ccd8ac0',_binary '','2019-10-17 09:05:07.000','2020-02-24 17:22:13.000'),(2284,23,0,'e88adec0-fdac-4d00-888f-48416c9448c9','ea4d0b0e-4858-4f8d-9a8e-c8b169bdba00',_binary '','2019-10-17 08:58:03.000','2020-02-24 17:22:13.000'),(2285,126,115,'ca7111f8-4e74-465d-bcf3-557a4eff4fe3','9cc22f00-c52e-4c8a-bc6f-5c24cfff1213',_binary '\0','2019-10-17 09:22:37.000','2020-02-24 17:22:12.000'),(2286,139,130,'ca7111f8-4e74-465d-bcf3-557a4eff4fe3','9cc22f00-c52e-4c8a-bc6f-5c24cfff1213',_binary '\0','2019-10-17 09:22:37.000','2020-02-24 17:22:12.000'),(2287,164,161,'ca7111f8-4e74-465d-bcf3-557a4eff4fe3','9cc22f00-c52e-4c8a-bc6f-5c24cfff1213',_binary '\0','2019-10-17 09:22:37.000','2020-02-24 17:22:12.000'),(2289,573,566,'a3417d9d-2514-4a89-bf7a-d9d518e0e552','9cc22f00-c52e-4c8a-bc6f-5c24cfff1213',_binary '\0','2019-10-17 09:22:37.000','2020-02-24 17:22:12.000'),(2290,746,740,'96c67fec-0062-47fc-9d93-7b22c1e9f163','9cc22f00-c52e-4c8a-bc6f-5c24cfff1213',_binary '\0','2019-10-17 09:22:37.000','2020-02-24 17:22:12.000'),(2295,20,8,'69e5ff9a-c286-4f9a-ac49-0a6da10e62c0','236db5ee-9922-4b5c-bb41-81d924020714',_binary '','2019-10-18 10:38:13.000','2020-02-24 17:22:01.000'),(2296,119,117,'f49b5b6f-3f17-4e69-ba2a-665ffce1bbfb','236db5ee-9922-4b5c-bb41-81d924020714',_binary '\0','2019-10-18 10:38:13.000','2020-02-24 17:22:01.000'),(2297,257,253,'6dfd25f7-9550-43cb-98db-8b3106bc0036','236db5ee-9922-4b5c-bb41-81d924020714',_binary '\0','2019-10-18 10:38:13.000','2020-02-24 17:22:01.000'),(2298,269,267,'6dfd25f7-9550-43cb-98db-8b3106bc0036','236db5ee-9922-4b5c-bb41-81d924020714',_binary '','2019-10-18 10:38:13.000','2020-02-24 17:22:01.000'),(2300,579,578,'66685f16-d948-4fb3-a58e-88cdae158d3d','236db5ee-9922-4b5c-bb41-81d924020714',_binary '','2019-10-18 10:38:13.000','2020-02-24 17:22:01.000'),(2301,587,586,'66685f16-d948-4fb3-a58e-88cdae158d3d','236db5ee-9922-4b5c-bb41-81d924020714',_binary '\0','2019-10-18 10:38:13.000','2020-02-24 17:22:01.000'),(2302,720,719,'c9336bc7-8d44-42da-87c9-89a51016904e','236db5ee-9922-4b5c-bb41-81d924020714',_binary '\0','2019-10-18 10:38:13.000','2020-02-24 17:22:01.000'),(2304,717,716,'c9336bc7-8d44-42da-87c9-89a51016904e','236db5ee-9922-4b5c-bb41-81d924020714',_binary '','2019-10-18 10:38:13.000','2020-02-24 17:22:01.000'),(2305,22,3,'9de55de1-a550-4229-99e6-0b596b0af5d5','142cbdd4-215f-4bc5-aead-e380996947c9',_binary '\0','2019-10-18 12:31:54.000','2020-02-24 17:22:01.000'),(2306,217,192,'34b7efe5-b929-415a-a0a7-31eaa0e1dac7','142cbdd4-215f-4bc5-aead-e380996947c9',_binary '\0','2019-10-18 12:31:54.000','2020-02-24 17:22:01.000'),(2307,286,284,'65b163cd-3a92-4e87-a7fa-5584e6aa1461','142cbdd4-215f-4bc5-aead-e380996947c9',_binary '\0','2019-10-18 12:31:54.000','2020-02-24 17:22:01.000'),(2308,379,378,'9c032228-85bf-40bc-947c-da0c3288c0cc','142cbdd4-215f-4bc5-aead-e380996947c9',_binary '\0','2019-10-18 12:31:54.000','2020-02-24 17:22:01.000'),(2319,146,131,'2293e33b-3721-4e4d-957b-2d8e57f7a15c','44012457-6f83-47ac-a8e1-e9430dcd93c8',_binary '','2020-02-24 10:22:03.000','2020-02-24 17:22:15.000'),(2320,168,149,'2293e33b-3721-4e4d-957b-2d8e57f7a15c','44012457-6f83-47ac-a8e1-e9430dcd93c8',_binary '','2020-02-24 10:22:03.000','2020-02-24 17:22:15.000'),(2321,262,260,'af63a22e-2d26-4dac-909a-ac564f36d24f','44012457-6f83-47ac-a8e1-e9430dcd93c8',_binary '','2020-02-24 10:22:03.000','2020-02-24 17:22:15.000'),(2322,278,266,'af63a22e-2d26-4dac-909a-ac564f36d24f','44012457-6f83-47ac-a8e1-e9430dcd93c8',_binary '','2020-02-24 10:22:03.000','2020-02-24 17:22:15.000'),(2323,488,487,'20c47272-c58c-4604-9cea-7f96790b05a9','44012457-6f83-47ac-a8e1-e9430dcd93c8',_binary '','2020-02-24 10:22:03.000','2020-02-24 17:22:15.000'),(2324,499,496,'20c47272-c58c-4604-9cea-7f96790b05a9','44012457-6f83-47ac-a8e1-e9430dcd93c8',_binary '','2020-02-24 10:22:03.000','2020-02-24 17:22:15.000'),(2325,548,543,'20c47272-c58c-4604-9cea-7f96790b05a9','44012457-6f83-47ac-a8e1-e9430dcd93c8',_binary '','2020-02-24 10:22:03.000','2020-02-24 17:22:15.000'),(2326,113,107,'080c9389-9756-436e-9d92-be056051b176','43e8589e-a7aa-414f-bab0-9acf4248cb56',_binary '','2020-02-24 10:22:02.000','2020-02-24 17:22:15.000'),(2327,289,278,'ddb26d88-f201-46dd-9138-3d0ee03bb363','43e8589e-a7aa-414f-bab0-9acf4248cb56',_binary '','2020-02-24 10:22:02.000','2020-02-24 17:22:15.000'),(2328,324,320,'c38efcc4-a0d1-44c4-a165-4495cb935e61','43e8589e-a7aa-414f-bab0-9acf4248cb56',_binary '','2020-02-24 10:22:02.000','2020-02-24 17:22:15.000'),(2329,349,348,'ddb26d88-f201-46dd-9138-3d0ee03bb363','43e8589e-a7aa-414f-bab0-9acf4248cb56',_binary '','2020-02-24 10:22:02.000','2020-02-24 17:22:15.000');
/*!40000 ALTER TABLE `polyprecording` ENABLE KEYS */;
UNLOCK TABLES;

--
-- Table structure for table `polypindataset`
--

DROP TABLE IF EXISTS `polypindataset`;
/*!40101 SET @saved_cs_client     = @@character_set_client */;
/*!40101 SET character_set_client = utf8 */;
CREATE TABLE `polypindataset` (
  `polypdataset_id` varchar(255) NOT NULL,
  `polyp_id` varchar(255) NOT NULL,
  PRIMARY KEY (`polypdataset_id`,`polyp_id`),
  KEY `FK8y6kkfdnr7q6h6m219n6wuh71` (`polyp_id`),
  CONSTRAINT `FK8y6kkfdnr7q6h6m219n6wuh71` FOREIGN KEY (`polyp_id`) REFERENCES `polyp` (`id`),
  CONSTRAINT `FKq58kvjdh187y3jtfonnvetmnl` FOREIGN KEY (`polypdataset_id`) REFERENCES `polypdataset` (`id`)
) ENGINE=InnoDB DEFAULT CHARSET=latin1;
/*!40101 SET character_set_client = @saved_cs_client */;

--
-- Dumping data for table `polypindataset`
--

LOCK TABLES `polypindataset` WRITE;
/*!40000 ALTER TABLE `polypindataset` DISABLE KEYS */;
INSERT INTO `polypindataset` VALUES ('6ba66d69-92e3-11ea-8701-4845202a5edb','00689bdd-cab0-4e63-a4a2-0db736ef933b', FALSE),('6e743b5b-92e3-11ea-8701-4845202a5edb','03524142-8b3b-49aa-8613-7b0f9b0cb66d', FALSE),('6ba66d69-92e3-11ea-8701-4845202a5edb','063792e9-2526-4b75-94ca-4372ab79c94c', FALSE),('6ba66d69-92e3-11ea-8701-4845202a5edb','06719ee8-1585-41e7-bf01-9e7684b2c38e', FALSE),('6ba66d69-92e3-11ea-8701-4845202a5edb','080c9389-9756-436e-9d92-be056051b176', FALSE),('6ba66d69-92e3-11ea-8701-4845202a5edb','0859f763-d5c8-496a-8a24-f6ff4960889e', FALSE),('6ba66d69-92e3-11ea-8701-4845202a5edb','0aff1456-11ba-4df6-83bb-355b428d24bb', FALSE),('6ba66d69-92e3-11ea-8701-4845202a5edb','1091d72c-0778-4154-b766-af62dd928ee0', FALSE),('6ba66d69-92e3-11ea-8701-4845202a5edb','125a0656-4b5b-4d67-b735-ecd10b6af82b', FALSE),('6ba66d69-92e3-11ea-8701-4845202a5edb','150aeaef-e250-40a0-9982-b8c01fb040f0', FALSE),('6ba66d69-92e3-11ea-8701-4845202a5edb','16699751-0da4-4120-a96e-8c8deaef6d78', FALSE),('6ba66d69-92e3-11ea-8701-4845202a5edb','1a5fa456-6ccb-48f5-902a-f49ec1499fb3', FALSE),('6ba66d69-92e3-11ea-8701-4845202a5edb','1bc4e60d-73db-47da-92f7-566be45a3cfe', FALSE),('6ba66d69-92e3-11ea-8701-4845202a5edb','1dd8e0f0-de02-4cc0-8712-ee6ae6e877a7', FALSE),('6ba66d69-92e3-11ea-8701-4845202a5edb','1e8f4c2c-d81d-417e-909a-37d45809e5ff', FALSE),('6ba66d69-92e3-11ea-8701-4845202a5edb','20c47272-c58c-4604-9cea-7f96790b05a9', FALSE),('6ba66d69-92e3-11ea-8701-4845202a5edb','2293e33b-3721-4e4d-957b-2d8e57f7a15c', FALSE),('6ba66d69-92e3-11ea-8701-4845202a5edb','233a7ac3-05b0-4a8c-9e35-3bf5104b25b7', FALSE),('6ba66d69-92e3-11ea-8701-4845202a5edb','26fedfd0-8a92-4799-aafb-0d2de0c7fcee', FALSE),('6ba66d69-92e3-11ea-8701-4845202a5edb','2b394672-7831-415d-b466-ea177fda5192', FALSE),('6ba66d69-92e3-11ea-8701-4845202a5edb','2cd1682f-a7bf-4aec-8ef9-e78d48156633', FALSE),('6ba66d69-92e3-11ea-8701-4845202a5edb','3213fe99-f774-4dc5-a12a-f69ffee8e17c', FALSE),('6ba66d69-92e3-11ea-8701-4845202a5edb','3277cb79-138b-41e3-97ee-6700420a7285', FALSE),('6ba66d69-92e3-11ea-8701-4845202a5edb','33bde5a4-37ca-4928-a083-e00c683a148a', FALSE),('6ba66d69-92e3-11ea-8701-4845202a5edb','34b7efe5-b929-415a-a0a7-31eaa0e1dac7', FALSE),('6ba66d69-92e3-11ea-8701-4845202a5edb','3ad23d73-7018-464c-904d-0686e3e06ef9', FALSE),('6ba66d69-92e3-11ea-8701-4845202a5edb','3b9e19f8-a124-4f5c-a81c-21f29cf588a2', FALSE),('6ba66d69-92e3-11ea-8701-4845202a5edb','4168eaa4-6305-4556-afbd-b0ad25c6df44', FALSE),('6ba66d69-92e3-11ea-8701-4845202a5edb','440cdc0e-e3df-4164-98bc-a8543ebe85b5', FALSE),('6ba66d69-92e3-11ea-8701-4845202a5edb','4acce8ac-019b-4211-b7df-9aea5cbf785f', FALSE),('6ba66d69-92e3-11ea-8701-4845202a5edb','4b22c1b0-d175-4342-a11c-48f5dd2d538f', FALSE),('6ba66d69-92e3-11ea-8701-4845202a5edb','521324cc-2f3c-4e06-9f4a-b215182ac514', FALSE),('6ba66d69-92e3-11ea-8701-4845202a5edb','53e6ad0b-99b7-4b64-8a49-16601a993333', FALSE),('6ba66d69-92e3-11ea-8701-4845202a5edb','53f3c515-0b21-424e-a547-10f30c110236', FALSE),('6ba66d69-92e3-11ea-8701-4845202a5edb','5457ff13-8829-49b6-81b9-cecce8b63911', FALSE),('6ba66d69-92e3-11ea-8701-4845202a5edb','55bcd9af-49a9-4fae-9f62-142b1d6d0040', FALSE),('6ba66d69-92e3-11ea-8701-4845202a5edb','588eb89f-de55-4374-b85c-9d048e5a180c', FALSE),('6ba66d69-92e3-11ea-8701-4845202a5edb','5c4acfb8-8bd1-4284-ad99-122b4dbd3b3e', FALSE),('6ba66d69-92e3-11ea-8701-4845202a5edb','5d48a209-b827-4d8f-bda6-79fb19b1a7b1', FALSE),('6ba66d69-92e3-11ea-8701-4845202a5edb','6287e192-5310-4260-aa08-91cca9bfb8c7', FALSE),('6ba66d69-92e3-11ea-8701-4845202a5edb','6473a645-3891-47b5-b0b9-e2f7f449743c', FALSE),('6ba66d69-92e3-11ea-8701-4845202a5edb','65b163cd-3a92-4e87-a7fa-5584e6aa1461', FALSE),('6ba66d69-92e3-11ea-8701-4845202a5edb','66685f16-d948-4fb3-a58e-88cdae158d3d', FALSE),('6ba66d69-92e3-11ea-8701-4845202a5edb','6943be9c-47c0-4dbc-80c4-bfd5244d4f5f', FALSE),('6ba66d69-92e3-11ea-8701-4845202a5edb','69e5ff9a-c286-4f9a-ac49-0a6da10e62c0', FALSE),('6ba66d69-92e3-11ea-8701-4845202a5edb','6a993aa4-9274-4c19-aa12-6f01c80244c8', FALSE),('6ba66d69-92e3-11ea-8701-4845202a5edb','6dfd25f7-9550-43cb-98db-8b3106bc0036', FALSE),('6ba66d69-92e3-11ea-8701-4845202a5edb','6e0fc32d-4d5d-42ab-acf2-2830ce3cd33a', FALSE),('6ba66d69-92e3-11ea-8701-4845202a5edb','6e5740f1-a336-416d-b2dc-242e87227e57', FALSE),('6ba66d69-92e3-11ea-8701-4845202a5edb','6ef4e060-c506-4ddd-bd39-15f1ee0e1d48', FALSE),('6ba66d69-92e3-11ea-8701-4845202a5edb','759206e6-c5f4-44dc-b834-12b3421a68ba', FALSE),('6ba66d69-92e3-11ea-8701-4845202a5edb','76e1eb01-1922-451f-a48a-e6524e897611', FALSE),('6ba66d69-92e3-11ea-8701-4845202a5edb','7891a1a0-2562-4e5d-82d4-485f1933d38c', FALSE),('6ba66d69-92e3-11ea-8701-4845202a5edb','7aabc31b-98f7-4c15-ac9a-dec26268126e', FALSE),('6ba66d69-92e3-11ea-8701-4845202a5edb','7e0c751a-9e37-4ac8-be0e-82bfc2a12b1e', FALSE),('6ba66d69-92e3-11ea-8701-4845202a5edb','7facc8fb-c26c-4497-9774-ba75789ceaae', FALSE),('6ba66d69-92e3-11ea-8701-4845202a5edb','83b3d301-7f84-453c-b908-121cf0b705f3', FALSE),('6ba66d69-92e3-11ea-8701-4845202a5edb','87de9e85-6d0f-48ba-a428-38b0668c564a', FALSE),('6ba66d69-92e3-11ea-8701-4845202a5edb','8c485c96-69a5-4f16-b766-b0d820358c10', FALSE),('6ba66d69-92e3-11ea-8701-4845202a5edb','8d41a1fb-5d17-4bad-90cf-b6f1b6cd6b46', FALSE),('6e743b5b-92e3-11ea-8701-4845202a5edb','8fd6f6c7-d241-4542-ae6e-bfdac64b038c', FALSE),('6ba66d69-92e3-11ea-8701-4845202a5edb','93cc3511-dd5c-4812-9666-7e2b443f4bb6', FALSE),('6ba66d69-92e3-11ea-8701-4845202a5edb','93d44ede-50eb-4d85-8b79-c6449b1b15ea', FALSE),('6ba66d69-92e3-11ea-8701-4845202a5edb','96c67fec-0062-47fc-9d93-7b22c1e9f163', FALSE),('6ba66d69-92e3-11ea-8701-4845202a5edb','98640e3e-97e5-46a6-ac84-5fdb6cfca519', FALSE),('6ba66d69-92e3-11ea-8701-4845202a5edb','9ad7e8d6-4801-4ca5-9990-2929b6e5eee8', FALSE),('6ba66d69-92e3-11ea-8701-4845202a5edb','9b9f2d06-f40b-442f-8aab-962762006fea', FALSE),('6ba66d69-92e3-11ea-8701-4845202a5edb','9c032228-85bf-40bc-947c-da0c3288c0cc', FALSE),('6ba66d69-92e3-11ea-8701-4845202a5edb','9d10bb13-8b4f-4e65-a6c9-022116d3e1bf', FALSE),('6ba66d69-92e3-11ea-8701-4845202a5edb','9d6763b6-5dc3-46b2-93d8-f851428d2462', FALSE),('6ba66d69-92e3-11ea-8701-4845202a5edb','9de55de1-a550-4229-99e6-0b596b0af5d5', FALSE),('6ba66d69-92e3-11ea-8701-4845202a5edb','a0e61f98-6a2a-458d-b149-cec328ee6e05', FALSE),('6ba66d69-92e3-11ea-8701-4845202a5edb','a31d6252-0adb-4560-bcb8-0bf1fdd798b0', FALSE),('6ba66d69-92e3-11ea-8701-4845202a5edb','a3417d9d-2514-4a89-bf7a-d9d518e0e552', FALSE),('6ba66d69-92e3-11ea-8701-4845202a5edb','a5e78296-3246-4fc2-bafe-b5ae62e2c774', FALSE),('6ba66d69-92e3-11ea-8701-4845202a5edb','a790d841-8ef8-490f-8b7d-5ac37c71ebbb', FALSE),('6ba66d69-92e3-11ea-8701-4845202a5edb','aa8d421b-e162-4e70-b215-9987e574400d', FALSE),('6ba66d69-92e3-11ea-8701-4845202a5edb','af63a22e-2d26-4dac-909a-ac564f36d24f', FALSE),('6ba66d69-92e3-11ea-8701-4845202a5edb','b3dc5acf-52d1-48c2-a31d-cad0700a20b6', FALSE),('6ba66d69-92e3-11ea-8701-4845202a5edb','b7f64ebb-5b2f-490a-86c8-aea0e46e0c68', FALSE),('6ba66d69-92e3-11ea-8701-4845202a5edb','baf3cbad-f467-404f-ac1c-8213354a7eb2', FALSE),('6ba66d69-92e3-11ea-8701-4845202a5edb','be83f272-eff0-4aa8-af45-be39007b0a78', FALSE),('6ba66d69-92e3-11ea-8701-4845202a5edb','c1638b90-4cd9-475f-992d-7e0113071572', FALSE),('6ba66d69-92e3-11ea-8701-4845202a5edb','c38efcc4-a0d1-44c4-a165-4495cb935e61', FALSE),('6ba66d69-92e3-11ea-8701-4845202a5edb','c4144a98-ed8c-4a56-b08e-a4231ae6acf5', FALSE),('6ba66d69-92e3-11ea-8701-4845202a5edb','c5bc5777-573a-409e-983b-28996e6b2c33', FALSE),('6ba66d69-92e3-11ea-8701-4845202a5edb','c9336bc7-8d44-42da-87c9-89a51016904e', FALSE),('6ba66d69-92e3-11ea-8701-4845202a5edb','ca7111f8-4e74-465d-bcf3-557a4eff4fe3', FALSE),('6ba66d69-92e3-11ea-8701-4845202a5edb','ccc78dec-74e1-427e-a57e-790bfaf8a17c', FALSE),('6ba66d69-92e3-11ea-8701-4845202a5edb','d4bccfd6-fd22-4d7b-b10c-2589006fdbf5', FALSE),('6ba66d69-92e3-11ea-8701-4845202a5edb','d7684e84-7141-47bb-97b1-b96f57c91e1b', FALSE),('6ba66d69-92e3-11ea-8701-4845202a5edb','ddb26d88-f201-46dd-9138-3d0ee03bb363', FALSE),('6ba66d69-92e3-11ea-8701-4845202a5edb','df07c55a-7d18-47e3-971a-e8ef375fdf92', FALSE),('6ba66d69-92e3-11ea-8701-4845202a5edb','df7fa4cf-c7da-4593-a82a-627dfe9c889b', FALSE),('6e743b5b-92e3-11ea-8701-4845202a5edb','e60834bf-66b0-4f03-a39d-9347e5fd0dfd', FALSE),('6e743b5b-92e3-11ea-8701-4845202a5edb','e88adec0-fdac-4d00-888f-48416c9448c9', FALSE),('6ba66d69-92e3-11ea-8701-4845202a5edb','eba44072-b406-4e1c-b524-f764f0579103', FALSE),('6ba66d69-92e3-11ea-8701-4845202a5edb','efe6d5d0-2e17-484c-95c5-e520e579a41a', FALSE),('6ba66d69-92e3-11ea-8701-4845202a5edb','f05a544d-af71-4b7d-bb54-2209cd84391f', FALSE),('6ba66d69-92e3-11ea-8701-4845202a5edb','f2101afb-e3c2-491d-9afe-b9b955745939', FALSE),('6ba66d69-92e3-11ea-8701-4845202a5edb','f25b8d33-4eb3-4f2b-8791-0f7fcef7e540', FALSE),('6e743b5b-92e3-11ea-8701-4845202a5edb','f2a1defd-26fd-4926-b5db-1973dd6a803b', FALSE),('6e743b5b-92e3-11ea-8701-4845202a5edb','f478a578-c482-49ba-85ed-b6e49a04aeab', FALSE),('6ba66d69-92e3-11ea-8701-4845202a5edb','f49b5b6f-3f17-4e69-ba2a-665ffce1bbfb', FALSE),('6ba66d69-92e3-11ea-8701-4845202a5edb','f4eac7d0-7e81-4ab1-9678-e64d2bc440af', FALSE),('6ba66d69-92e3-11ea-8701-4845202a5edb','fc3ad08f-0071-4965-a6cf-38e931ddc633', FALSE);
/*!40000 ALTER TABLE `polypindataset` ENABLE KEYS */;
UNLOCK TABLES;

--
-- Table structure for table `user`
--

DROP TABLE IF EXISTS `user`;
/*!40101 SET @saved_cs_client     = @@character_set_client */;
/*!40101 SET character_set_client = utf8 */;
CREATE TABLE `user` (
  `login` varchar(100) NOT NULL,
  `password` varchar(32) NOT NULL,
  `role` varchar(255) NOT NULL,
  `email` varchar(120) NOT NULL,
  `creation_date` datetime(3) DEFAULT NULL,
  `update_date` datetime(3) DEFAULT NULL,
  PRIMARY KEY (`login`)
) ENGINE=InnoDB DEFAULT CHARSET=latin1;
/*!40101 SET character_set_client = @saved_cs_client */;

--
-- Dumping data for table `user`
--

LOCK TABLES `user` WRITE;
/*!40000 ALTER TABLE `user` DISABLE KEYS */;
INSERT INTO `user` VALUES ('admin','25e4ee4e9229397b6b17776bfceaf8e7','ADMIN','admin@admin.com','2020-03-19 18:05:59.000','2020-03-19 18:05:59.000'),('endoscopist','66f1fa0a25cb4201e798048d5c65e6f8','ENDOSCOPIST','endoscopist@endoscopist.com','2020-03-19 18:05:59.000','2020-03-19 18:05:59.000'),('user','63e780c3f321d13109c71bf81805476e','USER','user@user.com','2020-03-19 18:05:59.000','2020-03-19 18:05:59.000');
/*!40000 ALTER TABLE `user` ENABLE KEYS */;
UNLOCK TABLES;

--
-- Table structure for table `video`
--

DROP TABLE IF EXISTS `video`;
/*!40101 SET @saved_cs_client     = @@character_set_client */;
/*!40101 SET character_set_client = utf8 */;
CREATE TABLE `video` (
  `id` varchar(255) NOT NULL,
  `fps` int(11) DEFAULT NULL,
  `observations` varchar(3000) DEFAULT NULL,
  `title` varchar(255) DEFAULT NULL,
  `is_processing` bit(1) DEFAULT NULL,
  `exploration_id` varchar(255) DEFAULT NULL,
  `with_text` bit(1) DEFAULT NULL,
  `creation_date` datetime(3) DEFAULT NULL,
  `update_date` datetime(3) DEFAULT NULL,
  PRIMARY KEY (`id`),
  KEY `FK3yhlg93n9mtm4djhb67va6h5b` (`exploration_id`),
  CONSTRAINT `FK3yhlg93n9mtm4djhb67va6h5b` FOREIGN KEY (`exploration_id`) REFERENCES `exploration` (`id`)
) ENGINE=InnoDB DEFAULT CHARSET=latin1;
/*!40101 SET character_set_client = @saved_cs_client */;

--
-- Dumping data for table `video`
--

LOCK TABLES `video` WRITE;
/*!40000 ALTER TABLE `video` DISABLE KEYS */;
INSERT INTO `video` VALUES ('014aac6f-e1e4-4885-abc5-842a2ccd8ac0',25,'','POLYDEEP 366.1',_binary '\0','f0c02f78-c2b0-429a-85ed-2d39928809a8',_binary '\0','2019-10-17 09:05:07.000','2020-02-24 17:22:13.000'),('0df2502c-1f81-45b5-9392-fc1ca7ccec02',25,'','POLYDEEP 339',_binary '\0','6b17e7f1-9b4a-4b75-8f5c-538b7711a339',_binary '\0','2019-09-20 09:03:54.000','2020-02-24 17:22:05.000'),('142cbdd4-215f-4bc5-aead-e380996947c9',25,'','POLYDEEP 370.2',_binary '\0','359277bd-e41b-46f8-b93e-7eb0f5b61b84',_binary '\0','2019-10-18 12:31:54.000','2020-02-24 17:22:01.000'),('14ef1f44-b9a4-466c-b503-1975a296fa49',25,'','POLYDEEP 142.2',_binary '\0','04266557-2a05-4e89-9867-ab2ab078db65',_binary '\0','2019-01-15 14:55:43.000','2020-02-24 17:21:57.000'),('236db5ee-9922-4b5c-bb41-81d924020714',25,'','POLYDEEP 370.1',_binary '\0','359277bd-e41b-46f8-b93e-7eb0f5b61b84',_binary '\0','2019-10-18 10:38:13.000','2020-02-24 17:22:01.000'),('335d4b5b-2b9c-49c2-8224-ad1c237a5e6d',25,'','PLYDEEP 181.2',_binary '\0','606bf383-53b9-4885-8b88-ea873c5ba512',_binary '\0','2019-01-23 15:53:17.000','2020-02-24 17:22:03.000'),('3906225d-8090-4661-aada-bae00937ff75',25,'','POLYDEEP 177',_binary '\0','6ea02f67-5efc-43e9-8c79-a3ab90b8a0ea',_binary '\0','2019-01-22 12:20:09.000','2020-02-24 17:22:06.000'),('40fbc013-7c68-416a-b0ab-0b63b5dc4db8',25,'','POLYDEEP 130',_binary '\0','be4291b4-e14c-4778-a6cc-c5fafe65ef77',_binary '','2018-12-14 13:03:16.000','2020-02-24 17:22:10.000'),('43e8589e-a7aa-414f-bab0-9acf4248cb56',25,'','POLYDEEP 376.2',_binary '\0','3c81b829-0421-4f91-91a3-67c3b6a03191',_binary '\0','2020-02-24 10:22:02.000','2020-02-24 17:22:15.000'),('44012457-6f83-47ac-a8e1-e9430dcd93c8',25,'','POLYDEEP 376.1',_binary '\0','3c81b829-0421-4f91-91a3-67c3b6a03191',_binary '\0','2020-02-24 10:22:03.000','2020-02-24 17:22:15.000'),('4ddd48e2-87c3-46b4-867b-1afd137ad00f',25,'','POLYDEEP 111.1',_binary '\0','577b7c26-4cf2-4ac5-818d-b0adfb33611a',_binary '\0','2018-12-04 14:45:23.000','2020-02-24 17:22:02.000'),('527f0078-3fb8-46d6-b5d3-ba5e562996bf',25,'','POLYDEEP 295',_binary '\0','b0ace4a5-bd1d-4d90-8c09-4666b78c03e1',_binary '\0','2019-05-27 14:28:55.000','2020-02-24 17:22:08.000'),('53e30e7d-73a0-45a2-9256-6405203fc4ef',25,'','POLYDEEP 111.2',_binary '\0','577b7c26-4cf2-4ac5-818d-b0adfb33611a',_binary '\0','2018-12-04 14:46:23.000','2020-02-24 17:22:03.000'),('5e87ce1d-52a1-4cfe-ad29-64b3f118716d',25,'','POLYDEEP 338.2',_binary '\0','ab258999-5d15-4d55-a091-181239b05713',_binary '\0','2019-09-16 10:46:10.000','2020-02-24 17:22:07.000'),('8218687c-1a73-44f6-944c-782ee697c3ba',25,'','POLYDEEP 231.1',_binary '\0','2f9ffde5-0c00-445c-8e47-bde2209b326c',_binary '\0','2019-02-21 09:06:14.000','2020-02-24 17:21:59.000'),('8503b864-97b0-4468-950f-9058a7d53f17',25,'','POLYDEEP 338.1',_binary '\0','ab258999-5d15-4d55-a091-181239b05713',_binary '\0','2019-09-16 10:43:38.000','2020-02-24 17:22:08.000'),('8697cdf9-9d43-4600-bb4a-7a139a0b4bcb',25,'','POLYDEEP 106.1',_binary '\0','dd7fe4ae-bfc3-4183-8ca5-166af59fc697',_binary '\0','2018-11-23 14:38:51.000','2020-02-24 17:22:13.000'),('86ff8f2f-42ea-42ef-aa08-2b5104a77085',25,'','POLYDEEP 142.1',_binary '\0','04266557-2a05-4e89-9867-ab2ab078db65',_binary '\0','2019-01-15 15:09:08.000','2020-02-24 17:21:58.000'),('8b6885a8-187f-4aa5-b04a-782d19266d42',25,'','POLYDEEP 200',_binary '\0','385c15b6-cb88-45a8-bfb3-46440b085f4d',_binary '\0','2019-01-29 12:12:55.000','2020-02-24 17:22:02.000'),('93149ea9-cbb9-4d48-bea1-ffb0adc7d733',25,'','POLYDEEP 181.3',_binary '\0','606bf383-53b9-4885-8b88-ea873c5ba512',_binary '\0','2019-01-23 15:53:19.000','2020-02-24 17:22:04.000'),('9317e465-2ccb-497a-9522-47bbf16356df',25,'','POLYDEEP 231.3',_binary '\0','2f9ffde5-0c00-445c-8e47-bde2209b326c',_binary '\0','2019-02-21 09:17:52.000','2020-02-24 17:21:59.000'),('936b666c-5c4f-46f5-acd4-65be49fbd775',25,'','POLYDEEP 251.3',_binary '\0','c4a2f8f2-47d2-425a-a255-910e88af07d5',_binary '\0','2019-03-13 08:56:04.000','2020-02-24 17:22:11.000'),('9afd1214-1763-4a98-ba40-51dda4a5ffcb',25,'','POLYDEEP 220',_binary '\0','8ceaee7f-d45a-44f1-89d6-e505f99f2808',_binary '\0','2019-02-13 08:50:09.000','2020-02-24 17:22:06.000'),('9cc22f00-c52e-4c8a-bc6f-5c24cfff1213',25,'','POLYDEEP 367.1',_binary '\0','d549f547-6a77-4439-bf78-19992ad1adb0',_binary '\0','2019-10-17 09:22:37.000','2020-02-24 17:22:12.000'),('a1e73b6b-b99a-4dc1-868a-2e31434e1963',25,'','POLYDEEP 186.2',_binary '\0','b7776b4d-b832-4ad7-9cea-7473be64482f',_binary '\0','2019-01-24 13:21:49.000','2020-02-24 17:22:09.000'),('a7c5274f-780d-48f6-89c1-50ad66979b59',25,'','POLYDEEP 251.2',_binary '\0','c4a2f8f2-47d2-425a-a255-910e88af07d5',_binary '\0','2019-03-13 08:54:18.000','2020-02-24 17:22:11.000'),('b236930a-5059-4464-aa4e-098d79647d05',25,'','POLYDEEP 231.4',_binary '\0','2f9ffde5-0c00-445c-8e47-bde2209b326c',_binary '\0','2019-02-21 09:23:56.000','2020-02-24 17:22:00.000'),('bf0cb4e8-52d9-4749-99b7-6461f9a8fa63',25,'','POLYDEEP 231.2',_binary '\0','2f9ffde5-0c00-445c-8e47-bde2209b326c',_binary '\0','2019-02-21 09:12:29.000','2020-02-24 17:22:00.000'),('c3af7d54-5b06-4b3f-aa00-ca6cbc14d97e',25,'','POLYDEEP 181.1',_binary '\0','606bf383-53b9-4885-8b88-ea873c5ba512',_binary '\0','2019-01-23 15:50:20.000','2020-02-24 17:22:04.000'),('d4ee9c69-2392-4f46-8909-07818d175c1c',25,'','POLYDEEP 186.1',_binary '\0','b7776b4d-b832-4ad7-9cea-7473be64482f',_binary '\0','2019-01-24 13:24:15.000','2020-02-24 17:22:09.000'),('d95e1143-c6e6-4bc7-9a66-16ca609d0a66',25,'','POLYDEEP 251.1',_binary '\0','c4a2f8f2-47d2-425a-a255-910e88af07d5',_binary '\0','2019-03-13 08:51:14.000','2020-02-24 17:22:12.000'),('d9f7a948-4288-4a76-a431-cd7a2b198fe3',25,'','POLYDEEP 347',_binary '\0','137bb13e-f3f4-4d6d-8a0e-ddd77f335a86',_binary '\0','2019-09-27 14:57:46.000','2020-02-24 17:21:58.000'),('db1062f4-cadc-4b78-be16-33440e20194c',25,'','POLYDEEP 338.3',_binary '\0','ab258999-5d15-4d55-a091-181239b05713',_binary '\0','2019-09-16 10:35:04.000','2020-02-24 17:22:08.000'),('dc4154e8-eb56-4746-9da3-b74d5d12d1f1',25,'','POLYDEEP 106.2',_binary '\0','dd7fe4ae-bfc3-4183-8ca5-166af59fc697',_binary '\0','2018-11-23 14:28:54.000','2020-02-24 17:22:13.000'),('e08fcf4f-567f-45d4-900c-0bf3152ce232',25,'','POLYDEEP 176',_binary '\0','7db11f36-83f4-40eb-971a-191c691254f2',_binary '\0','2019-01-22 12:16:31.000','2020-02-24 17:22:06.000'),('ea4d0b0e-4858-4f8d-9a8e-c8b169bdba00',25,'','POLYDEEP 366.2',_binary '\0','f0c02f78-c2b0-429a-85ed-2d39928809a8',_binary '\0','2019-10-17 08:58:03.000','2020-02-24 17:22:13.000');
/*!40000 ALTER TABLE `video` ENABLE KEYS */;
UNLOCK TABLES;

--
-- Table structure for table `videomodification`
--

DROP TABLE IF EXISTS `videomodification`;
/*!40101 SET @saved_cs_client     = @@character_set_client */;
/*!40101 SET character_set_client = utf8 */;
CREATE TABLE `videomodification` (
  `id` int(11) NOT NULL AUTO_INCREMENT,
  `end` int(11) NOT NULL,
  `start` int(11) NOT NULL,
  `modifier_id` varchar(255) DEFAULT NULL,
  `video_id` varchar(255) DEFAULT NULL,
  `confirmed` bit(1) DEFAULT b'0',
  `creation_date` datetime(3) DEFAULT NULL,
  `update_date` datetime(3) DEFAULT NULL,
  PRIMARY KEY (`id`),
  UNIQUE KEY `UKaa10u3drw60wmiobh2d6dsv37` (`video_id`,`modifier_id`,`start`,`end`),
  KEY `FKtob22gaa4c18vaivyqutckh41` (`modifier_id`),
  CONSTRAINT `FKgu49tdj4htc2b47etvu705yam` FOREIGN KEY (`video_id`) REFERENCES `video` (`id`),
  CONSTRAINT `FKtob22gaa4c18vaivyqutckh41` FOREIGN KEY (`modifier_id`) REFERENCES `modifier` (`id`)
) ENGINE=InnoDB AUTO_INCREMENT=2708 DEFAULT CHARSET=latin1;
/*!40101 SET character_set_client = @saved_cs_client */;

--
-- Dumping data for table `videomodification`
--

LOCK TABLES `videomodification` WRITE;
/*!40000 ALTER TABLE `videomodification` DISABLE KEYS */;
INSERT INTO `videomodification` VALUES (187,137,124,'a4942766-9415-41db-9702-2bbd07e58d48','4ddd48e2-87c3-46b4-867b-1afd137ad00f',_binary '\0','2018-12-04 14:45:23.000','2020-02-24 17:22:02.000'),(188,107,91,'3456-4562','4ddd48e2-87c3-46b4-867b-1afd137ad00f',_binary '\0','2018-12-04 14:45:23.000','2020-02-24 17:22:02.000'),(216,371,357,'a4942766-9415-41db-9702-2bbd07e58d48','4ddd48e2-87c3-46b4-867b-1afd137ad00f',_binary '\0','2018-12-04 14:45:23.000','2020-02-24 17:22:02.000'),(217,504,468,'a4942766-9415-41db-9702-2bbd07e58d48','4ddd48e2-87c3-46b4-867b-1afd137ad00f',_binary '\0','2018-12-04 14:45:23.000','2020-02-24 17:22:02.000'),(218,657,623,'a4942766-9415-41db-9702-2bbd07e58d48','4ddd48e2-87c3-46b4-867b-1afd137ad00f',_binary '\0','2018-12-04 14:45:23.000','2020-02-24 17:22:02.000'),(219,117,97,'a4942766-9415-41db-9702-2bbd07e58d48','53e30e7d-73a0-45a2-9256-6405203fc4ef',_binary '\0','2018-12-04 14:46:23.000','2020-02-24 17:22:03.000'),(220,184,155,'8c321ecf-502d-4462-b44b-0cfc8f367bc6','53e30e7d-73a0-45a2-9256-6405203fc4ef',_binary '\0','2018-12-04 14:46:23.000','2020-02-24 17:22:03.000'),(221,515,501,'a4942766-9415-41db-9702-2bbd07e58d48','53e30e7d-73a0-45a2-9256-6405203fc4ef',_binary '\0','2018-12-04 14:46:23.000','2020-02-24 17:22:03.000'),(222,755,713,'a4942766-9415-41db-9702-2bbd07e58d48','53e30e7d-73a0-45a2-9256-6405203fc4ef',_binary '\0','2018-12-04 14:46:23.000','2020-02-24 17:22:03.000'),(296,223,150,'a4942766-9415-41db-9702-2bbd07e58d48','8697cdf9-9d43-4600-bb4a-7a139a0b4bcb',_binary '\0','2018-11-23 14:38:51.000','2020-02-24 17:22:13.000'),(297,250,237,'a4942766-9415-41db-9702-2bbd07e58d48','8697cdf9-9d43-4600-bb4a-7a139a0b4bcb',_binary '\0','2018-11-23 14:38:51.000','2020-02-24 17:22:13.000'),(298,602,563,'a4942766-9415-41db-9702-2bbd07e58d48','8697cdf9-9d43-4600-bb4a-7a139a0b4bcb',_binary '\0','2018-11-23 14:38:51.000','2020-02-24 17:22:13.000'),(299,727,705,'a4942766-9415-41db-9702-2bbd07e58d48','8697cdf9-9d43-4600-bb4a-7a139a0b4bcb',_binary '\0','2018-11-23 14:38:51.000','2020-02-24 17:22:13.000'),(300,101,69,'a4942766-9415-41db-9702-2bbd07e58d48','dc4154e8-eb56-4746-9da3-b74d5d12d1f1',_binary '\0','2018-11-23 14:28:54.000','2020-02-24 17:22:13.000'),(301,205,153,'8c321ecf-502d-4462-b44b-0cfc8f367bc6','dc4154e8-eb56-4746-9da3-b74d5d12d1f1',_binary '\0','2018-11-23 14:28:54.000','2020-02-24 17:22:13.000'),(326,327,322,'3456-4562','4ddd48e2-87c3-46b4-867b-1afd137ad00f',_binary '\0','2018-12-04 14:45:23.000','2020-02-24 17:22:02.000'),(327,340,334,'3456-4562','4ddd48e2-87c3-46b4-867b-1afd137ad00f',_binary '\0','2018-12-04 14:45:23.000','2020-02-24 17:22:02.000'),(328,76,67,'3456-4562','53e30e7d-73a0-45a2-9256-6405203fc4ef',_binary '\0','2018-12-04 14:46:23.000','2020-02-24 17:22:03.000'),(329,429,417,'3456-4562','53e30e7d-73a0-45a2-9256-6405203fc4ef',_binary '\0','2018-12-04 14:46:23.000','2020-02-24 17:22:03.000'),(330,660,632,'3456-4562','53e30e7d-73a0-45a2-9256-6405203fc4ef',_binary '\0','2018-12-04 14:46:23.000','2020-02-24 17:22:03.000'),(373,404,333,'a4942766-9415-41db-9702-2bbd07e58d48','40fbc013-7c68-416a-b0ab-0b63b5dc4db8',_binary '','2018-12-14 13:03:16.000','2020-02-24 17:22:10.000'),(412,67,50,'a4942766-9415-41db-9702-2bbd07e58d48','86ff8f2f-42ea-42ef-aa08-2b5104a77085',_binary '\0','2019-01-15 15:09:08.000','2020-02-24 17:21:58.000'),(413,511,475,'a4942766-9415-41db-9702-2bbd07e58d48','86ff8f2f-42ea-42ef-aa08-2b5104a77085',_binary '\0','2019-01-15 15:09:08.000','2020-02-24 17:21:58.000'),(414,697,681,'a4942766-9415-41db-9702-2bbd07e58d48','86ff8f2f-42ea-42ef-aa08-2b5104a77085',_binary '\0','2019-01-15 15:09:08.000','2020-02-24 17:21:58.000'),(415,743,736,'a4942766-9415-41db-9702-2bbd07e58d48','86ff8f2f-42ea-42ef-aa08-2b5104a77085',_binary '\0','2019-01-15 15:09:08.000','2020-02-24 17:21:58.000'),(416,795,785,'a4942766-9415-41db-9702-2bbd07e58d48','86ff8f2f-42ea-42ef-aa08-2b5104a77085',_binary '\0','2019-01-15 15:09:08.000','2020-02-24 17:21:58.000'),(417,51,44,'a4942766-9415-41db-9702-2bbd07e58d48','14ef1f44-b9a4-466c-b503-1975a296fa49',_binary '','2019-01-15 14:55:43.000','2020-02-24 17:21:57.000'),(418,79,73,'a4942766-9415-41db-9702-2bbd07e58d48','14ef1f44-b9a4-466c-b503-1975a296fa49',_binary '\0','2019-01-15 14:55:43.000','2020-02-24 17:21:57.000'),(419,182,171,'a4942766-9415-41db-9702-2bbd07e58d48','14ef1f44-b9a4-466c-b503-1975a296fa49',_binary '','2019-01-15 14:55:43.000','2020-02-24 17:21:57.000'),(604,88,77,'a4942766-9415-41db-9702-2bbd07e58d48','e08fcf4f-567f-45d4-900c-0bf3152ce232',_binary '\0','2019-01-22 12:16:31.000','2020-02-24 17:22:06.000'),(605,155,126,'a4942766-9415-41db-9702-2bbd07e58d48','e08fcf4f-567f-45d4-900c-0bf3152ce232',_binary '\0','2019-01-22 12:16:31.000','2020-02-24 17:22:06.000'),(606,442,404,'a4942766-9415-41db-9702-2bbd07e58d48','e08fcf4f-567f-45d4-900c-0bf3152ce232',_binary '\0','2019-01-22 12:16:31.000','2020-02-24 17:22:06.000'),(607,42,32,'3456-4562','e08fcf4f-567f-45d4-900c-0bf3152ce232',_binary '\0','2019-01-22 12:16:31.000','2020-02-24 17:22:06.000'),(608,60,56,'3456-4562','e08fcf4f-567f-45d4-900c-0bf3152ce232',_binary '\0','2019-01-22 12:16:31.000','2020-02-24 17:22:06.000'),(609,369,352,'3456-4562','e08fcf4f-567f-45d4-900c-0bf3152ce232',_binary '\0','2019-01-22 12:16:31.000','2020-02-24 17:22:06.000'),(610,662,540,'8c321ecf-502d-4462-b44b-0cfc8f367bc6','e08fcf4f-567f-45d4-900c-0bf3152ce232',_binary '\0','2019-01-22 12:16:31.000','2020-02-24 17:22:06.000'),(611,49,36,'a4942766-9415-41db-9702-2bbd07e58d48','3906225d-8090-4661-aada-bae00937ff75',_binary '\0','2019-01-22 12:20:09.000','2020-02-24 17:22:06.000'),(612,31,24,'3456-4562','3906225d-8090-4661-aada-bae00937ff75',_binary '\0','2019-01-22 12:20:09.000','2020-02-24 17:22:06.000'),(613,403,386,'a4942766-9415-41db-9702-2bbd07e58d48','3906225d-8090-4661-aada-bae00937ff75',_binary '\0','2019-01-22 12:20:09.000','2020-02-24 17:22:06.000'),(614,375,371,'3456-4562','3906225d-8090-4661-aada-bae00937ff75',_binary '\0','2019-01-22 12:20:09.000','2020-02-24 17:22:06.000'),(615,640,620,'a4942766-9415-41db-9702-2bbd07e58d48','3906225d-8090-4661-aada-bae00937ff75',_binary '','2019-01-22 12:20:09.000','2020-02-24 17:22:06.000'),(616,597,569,'3456-4562','3906225d-8090-4661-aada-bae00937ff75',_binary '','2019-01-22 12:20:09.000','2020-02-24 17:22:06.000'),(643,89,72,'a4942766-9415-41db-9702-2bbd07e58d48','d4ee9c69-2392-4f46-8909-07818d175c1c',_binary '','2019-01-24 13:24:15.000','2020-02-24 17:22:09.000'),(644,295,261,'a4942766-9415-41db-9702-2bbd07e58d48','d4ee9c69-2392-4f46-8909-07818d175c1c',_binary '','2019-01-24 13:24:15.000','2020-02-24 17:22:09.000'),(645,401,380,'a4942766-9415-41db-9702-2bbd07e58d48','d4ee9c69-2392-4f46-8909-07818d175c1c',_binary '','2019-01-24 13:24:15.000','2020-02-24 17:22:09.000'),(646,559,512,'a4942766-9415-41db-9702-2bbd07e58d48','d4ee9c69-2392-4f46-8909-07818d175c1c',_binary '','2019-01-24 13:24:15.000','2020-02-24 17:22:09.000'),(647,591,571,'a4942766-9415-41db-9702-2bbd07e58d48','d4ee9c69-2392-4f46-8909-07818d175c1c',_binary '','2019-01-24 13:24:15.000','2020-02-24 17:22:09.000'),(648,37,23,'a4942766-9415-41db-9702-2bbd07e58d48','a1e73b6b-b99a-4dc1-868a-2e31434e1963',_binary '\0','2019-01-24 13:21:49.000','2020-02-24 17:22:09.000'),(704,152,132,'a4942766-9415-41db-9702-2bbd07e58d48','8b6885a8-187f-4aa5-b04a-782d19266d42',_binary '\0','2019-01-29 12:12:55.000','2020-02-24 17:22:02.000'),(705,96,92,'3456-4562','8b6885a8-187f-4aa5-b04a-782d19266d42',_binary '\0','2019-01-29 12:12:55.000','2020-02-24 17:22:02.000'),(706,302,209,'8c321ecf-502d-4462-b44b-0cfc8f367bc6','8b6885a8-187f-4aa5-b04a-782d19266d42',_binary '\0','2019-01-29 12:12:55.000','2020-02-24 17:22:02.000'),(764,205,174,'a4942766-9415-41db-9702-2bbd07e58d48','335d4b5b-2b9c-49c2-8224-ad1c237a5e6d',_binary '\0','2019-01-23 15:53:17.000','2020-02-24 17:22:03.000'),(765,309,294,'a4942766-9415-41db-9702-2bbd07e58d48','335d4b5b-2b9c-49c2-8224-ad1c237a5e6d',_binary '\0','2019-01-23 15:53:17.000','2020-02-24 17:22:03.000'),(766,443,435,'a4942766-9415-41db-9702-2bbd07e58d48','335d4b5b-2b9c-49c2-8224-ad1c237a5e6d',_binary '\0','2019-01-23 15:53:17.000','2020-02-24 17:22:03.000'),(767,531,497,'a4942766-9415-41db-9702-2bbd07e58d48','335d4b5b-2b9c-49c2-8224-ad1c237a5e6d',_binary '\0','2019-01-23 15:53:17.000','2020-02-24 17:22:03.000'),(768,675,647,'a4942766-9415-41db-9702-2bbd07e58d48','335d4b5b-2b9c-49c2-8224-ad1c237a5e6d',_binary '\0','2019-01-23 15:53:17.000','2020-02-24 17:22:03.000'),(769,66,49,'a4942766-9415-41db-9702-2bbd07e58d48','c3af7d54-5b06-4b3f-aa00-ca6cbc14d97e',_binary '\0','2019-01-23 15:50:20.000','2020-02-24 17:22:04.000'),(770,310,289,'a4942766-9415-41db-9702-2bbd07e58d48','c3af7d54-5b06-4b3f-aa00-ca6cbc14d97e',_binary '\0','2019-01-23 15:50:20.000','2020-02-24 17:22:04.000'),(771,337,322,'a4942766-9415-41db-9702-2bbd07e58d48','c3af7d54-5b06-4b3f-aa00-ca6cbc14d97e',_binary '','2019-01-23 15:50:20.000','2020-02-24 17:22:04.000'),(772,456,431,'a4942766-9415-41db-9702-2bbd07e58d48','c3af7d54-5b06-4b3f-aa00-ca6cbc14d97e',_binary '','2019-01-23 15:50:20.000','2020-02-24 17:22:04.000'),(774,207,193,'a4942766-9415-41db-9702-2bbd07e58d48','93149ea9-cbb9-4d48-bea1-ffb0adc7d733',_binary '\0','2019-01-23 15:53:19.000','2020-02-24 17:22:04.000'),(895,205,198,'a4942766-9415-41db-9702-2bbd07e58d48','9afd1214-1763-4a98-ba40-51dda4a5ffcb',_binary '\0','2019-02-13 08:50:09.000','2020-02-24 17:22:06.000'),(896,47,0,'8c321ecf-502d-4462-b44b-0cfc8f367bc6','9afd1214-1763-4a98-ba40-51dda4a5ffcb',_binary '\0','2019-02-13 08:50:09.000','2020-02-24 17:22:06.000'),(897,69,64,'3456-4562','9afd1214-1763-4a98-ba40-51dda4a5ffcb',_binary '\0','2019-02-13 08:50:09.000','2020-02-24 17:22:06.000'),(898,188,168,'3456-4562','9afd1214-1763-4a98-ba40-51dda4a5ffcb',_binary '\0','2019-02-13 08:50:09.000','2020-02-24 17:22:06.000'),(899,299,229,'8c321ecf-502d-4462-b44b-0cfc8f367bc6','9afd1214-1763-4a98-ba40-51dda4a5ffcb',_binary '\0','2019-02-13 08:50:09.000','2020-02-24 17:22:06.000'),(900,370,323,'8c321ecf-502d-4462-b44b-0cfc8f367bc6','9afd1214-1763-4a98-ba40-51dda4a5ffcb',_binary '\0','2019-02-13 08:50:09.000','2020-02-24 17:22:06.000'),(1039,230,2,'8c321ecf-502d-4462-b44b-0cfc8f367bc6','8218687c-1a73-44f6-944c-782ee697c3ba',_binary '\0','2019-02-21 09:06:14.000','2020-02-24 17:21:59.000'),(1040,281,274,'3456-4562','8218687c-1a73-44f6-944c-782ee697c3ba',_binary '\0','2019-02-21 09:06:14.000','2020-02-24 17:21:59.000'),(1041,471,453,'a4942766-9415-41db-9702-2bbd07e58d48','8218687c-1a73-44f6-944c-782ee697c3ba',_binary '\0','2019-02-21 09:06:14.000','2020-02-24 17:21:59.000'),(1042,487,445,'3456-4562','8218687c-1a73-44f6-944c-782ee697c3ba',_binary '\0','2019-02-21 09:06:14.000','2020-02-24 17:21:59.000'),(1043,602,564,'a4942766-9415-41db-9702-2bbd07e58d48','8218687c-1a73-44f6-944c-782ee697c3ba',_binary '\0','2019-02-21 09:06:14.000','2020-02-24 17:21:59.000'),(1044,799,700,'a4942766-9415-41db-9702-2bbd07e58d48','8218687c-1a73-44f6-944c-782ee697c3ba',_binary '\0','2019-02-21 09:06:14.000','2020-02-24 17:21:59.000'),(1045,46,0,'a4942766-9415-41db-9702-2bbd07e58d48','bf0cb4e8-52d9-4749-99b7-6461f9a8fa63',_binary '\0','2019-02-21 09:12:29.000','2020-02-24 17:22:00.000'),(1046,114,103,'a4942766-9415-41db-9702-2bbd07e58d48','bf0cb4e8-52d9-4749-99b7-6461f9a8fa63',_binary '\0','2019-02-21 09:12:29.000','2020-02-24 17:22:00.000'),(1047,376,218,'a4942766-9415-41db-9702-2bbd07e58d48','bf0cb4e8-52d9-4749-99b7-6461f9a8fa63',_binary '\0','2019-02-21 09:12:29.000','2020-02-24 17:22:00.000'),(1048,669,650,'a4942766-9415-41db-9702-2bbd07e58d48','bf0cb4e8-52d9-4749-99b7-6461f9a8fa63',_binary '\0','2019-02-21 09:12:29.000','2020-02-24 17:22:00.000'),(1049,729,700,'a4942766-9415-41db-9702-2bbd07e58d48','bf0cb4e8-52d9-4749-99b7-6461f9a8fa63',_binary '\0','2019-02-21 09:12:29.000','2020-02-24 17:22:00.000'),(1050,526,471,'a4942766-9415-41db-9702-2bbd07e58d48','9317e465-2ccb-497a-9522-47bbf16356df',_binary '\0','2019-02-21 09:17:52.000','2020-02-24 17:21:59.000'),(1051,257,207,'a4942766-9415-41db-9702-2bbd07e58d48','b236930a-5059-4464-aa4e-098d79647d05',_binary '\0','2019-02-21 09:23:56.000','2020-02-24 17:22:00.000'),(1060,106,33,'a4942766-9415-41db-9702-2bbd07e58d48','9afd1214-1763-4a98-ba40-51dda4a5ffcb',_binary '\0','2019-02-13 08:50:09.000','2020-02-24 17:22:06.000'),(1208,57,28,'a4942766-9415-41db-9702-2bbd07e58d48','d95e1143-c6e6-4bc7-9a66-16ca609d0a66',_binary '','2019-03-13 08:51:14.000','2020-02-24 17:22:12.000'),(1209,153,100,'a4942766-9415-41db-9702-2bbd07e58d48','d95e1143-c6e6-4bc7-9a66-16ca609d0a66',_binary '','2019-03-13 08:51:14.000','2020-02-24 17:22:12.000'),(1210,242,196,'a4942766-9415-41db-9702-2bbd07e58d48','d95e1143-c6e6-4bc7-9a66-16ca609d0a66',_binary '','2019-03-13 08:51:14.000','2020-02-24 17:22:12.000'),(1211,340,253,'a4942766-9415-41db-9702-2bbd07e58d48','d95e1143-c6e6-4bc7-9a66-16ca609d0a66',_binary '','2019-03-13 08:51:14.000','2020-02-24 17:22:12.000'),(1212,696,691,'3456-4562','d95e1143-c6e6-4bc7-9a66-16ca609d0a66',_binary '','2019-03-13 08:51:14.000','2020-02-24 17:22:12.000'),(1213,703,700,'3456-4562','d95e1143-c6e6-4bc7-9a66-16ca609d0a66',_binary '','2019-03-13 08:51:14.000','2020-02-24 17:22:12.000'),(1214,716,705,'a4942766-9415-41db-9702-2bbd07e58d48','d95e1143-c6e6-4bc7-9a66-16ca609d0a66',_binary '','2019-03-13 08:51:14.000','2020-02-24 17:22:12.000'),(1215,785,747,'a4942766-9415-41db-9702-2bbd07e58d48','d95e1143-c6e6-4bc7-9a66-16ca609d0a66',_binary '','2019-03-13 08:51:14.000','2020-02-24 17:22:12.000'),(1216,147,49,'8c321ecf-502d-4462-b44b-0cfc8f367bc6','a7c5274f-780d-48f6-89c1-50ad66979b59',_binary '','2019-03-13 08:54:18.000','2020-02-24 17:22:11.000'),(1217,171,156,'a4942766-9415-41db-9702-2bbd07e58d48','a7c5274f-780d-48f6-89c1-50ad66979b59',_binary '','2019-03-13 08:54:18.000','2020-02-24 17:22:11.000'),(1218,207,190,'a4942766-9415-41db-9702-2bbd07e58d48','a7c5274f-780d-48f6-89c1-50ad66979b59',_binary '','2019-03-13 08:54:18.000','2020-02-24 17:22:11.000'),(1219,309,299,'a4942766-9415-41db-9702-2bbd07e58d48','a7c5274f-780d-48f6-89c1-50ad66979b59',_binary '','2019-03-13 08:54:18.000','2020-02-24 17:22:11.000'),(1220,459,413,'a4942766-9415-41db-9702-2bbd07e58d48','a7c5274f-780d-48f6-89c1-50ad66979b59',_binary '','2019-03-13 08:54:18.000','2020-02-24 17:22:11.000'),(1221,460,448,'a4942766-9415-41db-9702-2bbd07e58d48','a7c5274f-780d-48f6-89c1-50ad66979b59',_binary '','2019-03-13 08:54:18.000','2020-02-24 17:22:11.000'),(1222,551,490,'a4942766-9415-41db-9702-2bbd07e58d48','a7c5274f-780d-48f6-89c1-50ad66979b59',_binary '','2019-03-13 08:54:18.000','2020-02-24 17:22:11.000'),(1223,718,664,'a4942766-9415-41db-9702-2bbd07e58d48','a7c5274f-780d-48f6-89c1-50ad66979b59',_binary '','2019-03-13 08:54:18.000','2020-02-24 17:22:11.000'),(1224,792,746,'a4942766-9415-41db-9702-2bbd07e58d48','a7c5274f-780d-48f6-89c1-50ad66979b59',_binary '','2019-03-13 08:54:18.000','2020-02-24 17:22:11.000'),(1225,84,77,'a4942766-9415-41db-9702-2bbd07e58d48','936b666c-5c4f-46f5-acd4-65be49fbd775',_binary '','2019-03-13 08:56:04.000','2020-02-24 17:22:11.000'),(1226,51,45,'3456-4562','936b666c-5c4f-46f5-acd4-65be49fbd775',_binary '','2019-03-13 08:56:04.000','2020-02-24 17:22:11.000'),(1227,63,54,'3456-4562','936b666c-5c4f-46f5-acd4-65be49fbd775',_binary '','2019-03-13 08:56:04.000','2020-02-24 17:22:11.000'),(1228,268,261,'a4942766-9415-41db-9702-2bbd07e58d48','936b666c-5c4f-46f5-acd4-65be49fbd775',_binary '','2019-03-13 08:56:04.000','2020-02-24 17:22:11.000'),(1229,277,274,'a4942766-9415-41db-9702-2bbd07e58d48','936b666c-5c4f-46f5-acd4-65be49fbd775',_binary '','2019-03-13 08:56:04.000','2020-02-24 17:22:11.000'),(1230,357,316,'a4942766-9415-41db-9702-2bbd07e58d48','936b666c-5c4f-46f5-acd4-65be49fbd775',_binary '','2019-03-13 08:56:04.000','2020-02-24 17:22:11.000'),(1231,447,421,'8c321ecf-502d-4462-b44b-0cfc8f367bc6','936b666c-5c4f-46f5-acd4-65be49fbd775',_binary '','2019-03-13 08:56:04.000','2020-02-24 17:22:11.000'),(1232,526,487,'8c321ecf-502d-4462-b44b-0cfc8f367bc6','936b666c-5c4f-46f5-acd4-65be49fbd775',_binary '','2019-03-13 08:56:04.000','2020-02-24 17:22:11.000'),(1233,585,574,'a4942766-9415-41db-9702-2bbd07e58d48','936b666c-5c4f-46f5-acd4-65be49fbd775',_binary '','2019-03-13 08:56:04.000','2020-02-24 17:22:11.000'),(1234,668,657,'a4942766-9415-41db-9702-2bbd07e58d48','936b666c-5c4f-46f5-acd4-65be49fbd775',_binary '','2019-03-13 08:56:04.000','2020-02-24 17:22:11.000'),(1518,685,682,'51b5c78a-e5db-4118-aea2-c5fe4c4c9e93','8697cdf9-9d43-4600-bb4a-7a139a0b4bcb',_binary '\0','2018-11-23 14:38:51.000','2020-02-24 17:22:13.000'),(1519,43,40,'51b5c78a-e5db-4118-aea2-c5fe4c4c9e93','dc4154e8-eb56-4746-9da3-b74d5d12d1f1',_binary '\0','2018-11-23 14:28:54.000','2020-02-24 17:22:13.000'),(1522,102,98,'a4942766-9415-41db-9702-2bbd07e58d48','4ddd48e2-87c3-46b4-867b-1afd137ad00f',_binary '\0','2018-12-04 14:45:23.000','2020-02-24 17:22:02.000'),(1523,403,400,'a4942766-9415-41db-9702-2bbd07e58d48','4ddd48e2-87c3-46b4-867b-1afd137ad00f',_binary '\0','2018-12-04 14:45:23.000','2020-02-24 17:22:02.000'),(1524,425,424,'38ada468-6c4f-4a34-8d45-e154f40eb758','53e30e7d-73a0-45a2-9256-6405203fc4ef',_binary '\0','2018-12-04 14:46:23.000','2020-02-24 17:22:03.000'),(1525,629,627,'38ada468-6c4f-4a34-8d45-e154f40eb758','53e30e7d-73a0-45a2-9256-6405203fc4ef',_binary '\0','2018-12-04 14:46:23.000','2020-02-24 17:22:03.000'),(1544,252,242,'3456-4562','40fbc013-7c68-416a-b0ab-0b63b5dc4db8',_binary '','2018-12-14 13:03:16.000','2020-02-24 17:22:10.000'),(1545,331,329,'3456-4562','40fbc013-7c68-416a-b0ab-0b63b5dc4db8',_binary '','2018-12-14 13:03:16.000','2020-02-24 17:22:10.000'),(1565,656,653,'3456-4562','86ff8f2f-42ea-42ef-aa08-2b5104a77085',_binary '\0','2019-01-15 15:09:08.000','2020-02-24 17:21:58.000'),(1566,711,708,'3456-4562','86ff8f2f-42ea-42ef-aa08-2b5104a77085',_binary '\0','2019-01-15 15:09:08.000','2020-02-24 17:21:58.000'),(1567,767,764,'3456-4562','86ff8f2f-42ea-42ef-aa08-2b5104a77085',_binary '\0','2019-01-15 15:09:08.000','2020-02-24 17:21:58.000'),(1568,28,26,'3456-4562','14ef1f44-b9a4-466c-b503-1975a296fa49',_binary '\0','2019-01-15 14:55:43.000','2020-02-24 17:21:57.000'),(1569,63,60,'3456-4562','14ef1f44-b9a4-466c-b503-1975a296fa49',_binary '\0','2019-01-15 14:55:43.000','2020-02-24 17:21:57.000'),(1625,395,386,'3456-4562','e08fcf4f-567f-45d4-900c-0bf3152ce232',_binary '\0','2019-01-22 12:16:31.000','2020-02-24 17:22:06.000'),(1627,11,9,'3456-4562','c3af7d54-5b06-4b3f-aa00-ca6cbc14d97e',_binary '','2019-01-23 15:50:20.000','2020-02-24 17:22:04.000'),(1628,135,130,'3456-4562','c3af7d54-5b06-4b3f-aa00-ca6cbc14d97e',_binary '\0','2019-01-23 15:50:20.000','2020-02-24 17:22:04.000'),(1629,138,135,'51b5c78a-e5db-4118-aea2-c5fe4c4c9e93','c3af7d54-5b06-4b3f-aa00-ca6cbc14d97e',_binary '\0','2019-01-23 15:50:20.000','2020-02-24 17:22:04.000'),(1630,159,156,'3456-4562','c3af7d54-5b06-4b3f-aa00-ca6cbc14d97e',_binary '','2019-01-23 15:50:20.000','2020-02-24 17:22:04.000'),(1631,393,391,'3456-4562','335d4b5b-2b9c-49c2-8224-ad1c237a5e6d',_binary '\0','2019-01-23 15:53:17.000','2020-02-24 17:22:03.000'),(1632,623,620,'3456-4562','335d4b5b-2b9c-49c2-8224-ad1c237a5e6d',_binary '\0','2019-01-23 15:53:17.000','2020-02-24 17:22:03.000'),(1638,25,22,'3456-4562','d4ee9c69-2392-4f46-8909-07818d175c1c',_binary '','2019-01-24 13:24:15.000','2020-02-24 17:22:09.000'),(1639,203,201,'3456-4562','d4ee9c69-2392-4f46-8909-07818d175c1c',_binary '','2019-01-24 13:24:15.000','2020-02-24 17:22:09.000'),(1640,664,661,'3456-4562','d4ee9c69-2392-4f46-8909-07818d175c1c',_binary '','2019-01-24 13:24:15.000','2020-02-24 17:22:09.000'),(1641,753,750,'3456-4562','d4ee9c69-2392-4f46-8909-07818d175c1c',_binary '','2019-01-24 13:24:15.000','2020-02-24 17:22:09.000'),(1642,11,10,'a4942766-9415-41db-9702-2bbd07e58d48','a1e73b6b-b99a-4dc1-868a-2e31434e1963',_binary '\0','2019-01-24 13:21:49.000','2020-02-24 17:22:09.000'),(1643,37,18,'a4942766-9415-41db-9702-2bbd07e58d48','a1e73b6b-b99a-4dc1-868a-2e31434e1963',_binary '\0','2019-01-24 13:21:49.000','2020-02-24 17:22:09.000'),(1644,268,258,'a4942766-9415-41db-9702-2bbd07e58d48','a1e73b6b-b99a-4dc1-868a-2e31434e1963',_binary '\0','2019-01-24 13:21:49.000','2020-02-24 17:22:09.000'),(1645,383,365,'a4942766-9415-41db-9702-2bbd07e58d48','a1e73b6b-b99a-4dc1-868a-2e31434e1963',_binary '\0','2019-01-24 13:21:49.000','2020-02-24 17:22:09.000'),(1646,307,305,'3456-4562','a1e73b6b-b99a-4dc1-868a-2e31434e1963',_binary '\0','2019-01-24 13:21:49.000','2020-02-24 17:22:09.000'),(1647,319,317,'3456-4562','a1e73b6b-b99a-4dc1-868a-2e31434e1963',_binary '\0','2019-01-24 13:21:49.000','2020-02-24 17:22:09.000'),(1648,112,110,'3456-4562','a1e73b6b-b99a-4dc1-868a-2e31434e1963',_binary '\0','2019-01-24 13:21:49.000','2020-02-24 17:22:09.000'),(1710,62,61,'38ada468-6c4f-4a34-8d45-e154f40eb758','9afd1214-1763-4a98-ba40-51dda4a5ffcb',_binary '\0','2019-02-13 08:50:09.000','2020-02-24 17:22:06.000'),(1725,302,289,'a4942766-9415-41db-9702-2bbd07e58d48','8218687c-1a73-44f6-944c-782ee697c3ba',_binary '\0','2019-02-21 09:06:14.000','2020-02-24 17:21:59.000'),(1726,199,196,'3456-4562','b236930a-5059-4464-aa4e-098d79647d05',_binary '\0','2019-02-21 09:23:56.000','2020-02-24 17:22:00.000'),(1826,352,351,'a4942766-9415-41db-9702-2bbd07e58d48','4ddd48e2-87c3-46b4-867b-1afd137ad00f',_binary '\0','2018-12-04 14:45:23.000','2020-02-24 17:22:02.000'),(1875,798,0,'38ada468-6c4f-4a34-8d45-e154f40eb758','bf0cb4e8-52d9-4749-99b7-6461f9a8fa63',_binary '\0','2019-02-21 09:12:29.000','2020-02-24 17:22:00.000'),(1960,81,79,'51b5c78a-e5db-4118-aea2-c5fe4c4c9e93','527f0078-3fb8-46d6-b5d3-ba5e562996bf',_binary '\0','2019-05-27 14:28:55.000','2020-02-24 17:22:08.000'),(1961,60,58,'51b5c78a-e5db-4118-aea2-c5fe4c4c9e93','527f0078-3fb8-46d6-b5d3-ba5e562996bf',_binary '\0','2019-05-27 14:28:55.000','2020-02-24 17:22:08.000'),(1962,49,47,'51b5c78a-e5db-4118-aea2-c5fe4c4c9e93','527f0078-3fb8-46d6-b5d3-ba5e562996bf',_binary '\0','2019-05-27 14:28:55.000','2020-02-24 17:22:08.000'),(1963,40,38,'51b5c78a-e5db-4118-aea2-c5fe4c4c9e93','527f0078-3fb8-46d6-b5d3-ba5e562996bf',_binary '\0','2019-05-27 14:28:55.000','2020-02-24 17:22:08.000'),(1964,38,0,'3456-4562','527f0078-3fb8-46d6-b5d3-ba5e562996bf',_binary '\0','2019-05-27 14:28:55.000','2020-02-24 17:22:08.000'),(2253,89,61,'a4942766-9415-41db-9702-2bbd07e58d48','8503b864-97b0-4468-950f-9058a7d53f17',_binary '','2019-09-16 10:43:38.000','2020-02-24 17:22:08.000'),(2254,119,95,'a4942766-9415-41db-9702-2bbd07e58d48','8503b864-97b0-4468-950f-9058a7d53f17',_binary '\0','2019-09-16 10:43:38.000','2020-02-24 17:22:08.000'),(2255,267,254,'a4942766-9415-41db-9702-2bbd07e58d48','8503b864-97b0-4468-950f-9058a7d53f17',_binary '\0','2019-09-16 10:43:38.000','2020-02-24 17:22:08.000'),(2256,369,339,'a4942766-9415-41db-9702-2bbd07e58d48','8503b864-97b0-4468-950f-9058a7d53f17',_binary '','2019-09-16 10:43:38.000','2020-02-24 17:22:08.000'),(2257,432,414,'a4942766-9415-41db-9702-2bbd07e58d48','8503b864-97b0-4468-950f-9058a7d53f17',_binary '\0','2019-09-16 10:43:38.000','2020-02-24 17:22:08.000'),(2258,581,573,'8c321ecf-502d-4462-b44b-0cfc8f367bc6','8503b864-97b0-4468-950f-9058a7d53f17',_binary '\0','2019-09-16 10:43:38.000','2020-02-24 17:22:08.000'),(2259,775,759,'a4942766-9415-41db-9702-2bbd07e58d48','8503b864-97b0-4468-950f-9058a7d53f17',_binary '\0','2019-09-16 10:43:38.000','2020-02-24 17:22:08.000'),(2260,799,779,'a4942766-9415-41db-9702-2bbd07e58d48','8503b864-97b0-4468-950f-9058a7d53f17',_binary '','2019-09-16 10:43:38.000','2020-02-24 17:22:08.000'),(2261,25,18,'3456-4562','8503b864-97b0-4468-950f-9058a7d53f17',_binary '\0','2019-09-16 10:43:38.000','2020-02-24 17:22:08.000'),(2262,221,219,'51b5c78a-e5db-4118-aea2-c5fe4c4c9e93','8503b864-97b0-4468-950f-9058a7d53f17',_binary '\0','2019-09-16 10:43:38.000','2020-02-24 17:22:08.000'),(2263,229,222,'3456-4562','8503b864-97b0-4468-950f-9058a7d53f17',_binary '\0','2019-09-16 10:43:38.000','2020-02-24 17:22:08.000'),(2264,298,296,'51b5c78a-e5db-4118-aea2-c5fe4c4c9e93','8503b864-97b0-4468-950f-9058a7d53f17',_binary '\0','2019-09-16 10:43:38.000','2020-02-24 17:22:08.000'),(2265,334,298,'3456-4562','8503b864-97b0-4468-950f-9058a7d53f17',_binary '\0','2019-09-16 10:43:38.000','2020-02-24 17:22:08.000'),(2266,444,394,'3456-4562','8503b864-97b0-4468-950f-9058a7d53f17',_binary '\0','2019-09-16 10:43:38.000','2020-02-24 17:22:08.000'),(2267,710,698,'3456-4562','8503b864-97b0-4468-950f-9058a7d53f17',_binary '\0','2019-09-16 10:43:38.000','2020-02-24 17:22:08.000'),(2268,17,0,'a4942766-9415-41db-9702-2bbd07e58d48','5e87ce1d-52a1-4cfe-ad29-64b3f118716d',_binary '\0','2019-09-16 10:46:10.000','2020-02-24 17:22:07.000'),(2269,58,20,'a4942766-9415-41db-9702-2bbd07e58d48','5e87ce1d-52a1-4cfe-ad29-64b3f118716d',_binary '\0','2019-09-16 10:46:10.000','2020-02-24 17:22:07.000'),(2270,136,122,'8c321ecf-502d-4462-b44b-0cfc8f367bc6','5e87ce1d-52a1-4cfe-ad29-64b3f118716d',_binary '\0','2019-09-16 10:46:10.000','2020-02-24 17:22:07.000'),(2271,169,149,'8c321ecf-502d-4462-b44b-0cfc8f367bc6','5e87ce1d-52a1-4cfe-ad29-64b3f118716d',_binary '\0','2019-09-16 10:46:10.000','2020-02-24 17:22:07.000'),(2272,265,247,'8c321ecf-502d-4462-b44b-0cfc8f367bc6','5e87ce1d-52a1-4cfe-ad29-64b3f118716d',_binary '\0','2019-09-16 10:46:10.000','2020-02-24 17:22:07.000'),(2273,336,324,'8c321ecf-502d-4462-b44b-0cfc8f367bc6','5e87ce1d-52a1-4cfe-ad29-64b3f118716d',_binary '\0','2019-09-16 10:46:10.000','2020-02-24 17:22:07.000'),(2274,527,407,'a4942766-9415-41db-9702-2bbd07e58d48','5e87ce1d-52a1-4cfe-ad29-64b3f118716d',_binary '\0','2019-09-16 10:46:10.000','2020-02-24 17:22:07.000'),(2275,647,628,'8c321ecf-502d-4462-b44b-0cfc8f367bc6','5e87ce1d-52a1-4cfe-ad29-64b3f118716d',_binary '\0','2019-09-16 10:46:10.000','2020-02-24 17:22:07.000'),(2276,389,379,'3456-4562','5e87ce1d-52a1-4cfe-ad29-64b3f118716d',_binary '\0','2019-09-16 10:46:10.000','2020-02-24 17:22:07.000'),(2277,19,4,'8c321ecf-502d-4462-b44b-0cfc8f367bc6','db1062f4-cadc-4b78-be16-33440e20194c',_binary '\0','2019-09-16 10:35:04.000','2020-02-24 17:22:08.000'),(2278,65,46,'a4942766-9415-41db-9702-2bbd07e58d48','db1062f4-cadc-4b78-be16-33440e20194c',_binary '\0','2019-09-16 10:35:04.000','2020-02-24 17:22:08.000'),(2279,88,86,'8c321ecf-502d-4462-b44b-0cfc8f367bc6','db1062f4-cadc-4b78-be16-33440e20194c',_binary '\0','2019-09-16 10:35:04.000','2020-02-24 17:22:08.000'),(2280,62,47,'a4942766-9415-41db-9702-2bbd07e58d48','0df2502c-1f81-45b5-9392-fc1ca7ccec02',_binary '','2019-09-20 09:03:54.000','2020-02-24 17:22:05.000'),(2281,112,98,'a4942766-9415-41db-9702-2bbd07e58d48','0df2502c-1f81-45b5-9392-fc1ca7ccec02',_binary '','2019-09-20 09:03:54.000','2020-02-24 17:22:05.000'),(2282,318,311,'8c321ecf-502d-4462-b44b-0cfc8f367bc6','0df2502c-1f81-45b5-9392-fc1ca7ccec02',_binary '','2019-09-20 09:03:54.000','2020-02-24 17:22:05.000'),(2283,417,357,'8c321ecf-502d-4462-b44b-0cfc8f367bc6','0df2502c-1f81-45b5-9392-fc1ca7ccec02',_binary '','2019-09-20 09:03:54.000','2020-02-24 17:22:05.000'),(2284,562,557,'8c321ecf-502d-4462-b44b-0cfc8f367bc6','0df2502c-1f81-45b5-9392-fc1ca7ccec02',_binary '','2019-09-20 09:03:54.000','2020-02-24 17:22:05.000'),(2285,648,641,'8c321ecf-502d-4462-b44b-0cfc8f367bc6','0df2502c-1f81-45b5-9392-fc1ca7ccec02',_binary '','2019-09-20 09:03:54.000','2020-02-24 17:22:05.000'),(2286,727,710,'a4942766-9415-41db-9702-2bbd07e58d48','0df2502c-1f81-45b5-9392-fc1ca7ccec02',_binary '','2019-09-20 09:03:54.000','2020-02-24 17:22:05.000'),(2287,760,758,'a4942766-9415-41db-9702-2bbd07e58d48','0df2502c-1f81-45b5-9392-fc1ca7ccec02',_binary '','2019-09-20 09:03:54.000','2020-02-24 17:22:05.000'),(2288,789,764,'a4942766-9415-41db-9702-2bbd07e58d48','0df2502c-1f81-45b5-9392-fc1ca7ccec02',_binary '','2019-09-20 09:03:54.000','2020-02-24 17:22:05.000'),(2387,55,42,'a4942766-9415-41db-9702-2bbd07e58d48','d9f7a948-4288-4a76-a431-cd7a2b198fe3',_binary '\0','2019-09-27 14:57:46.000','2020-02-24 17:21:58.000'),(2388,223,215,'a4942766-9415-41db-9702-2bbd07e58d48','d9f7a948-4288-4a76-a431-cd7a2b198fe3',_binary '\0','2019-09-27 14:57:46.000','2020-02-24 17:21:58.000'),(2389,340,326,'8c321ecf-502d-4462-b44b-0cfc8f367bc6','d9f7a948-4288-4a76-a431-cd7a2b198fe3',_binary '\0','2019-09-27 14:57:46.000','2020-02-24 17:21:58.000'),(2390,378,366,'8c321ecf-502d-4462-b44b-0cfc8f367bc6','d9f7a948-4288-4a76-a431-cd7a2b198fe3',_binary '\0','2019-09-27 14:57:46.000','2020-02-24 17:21:58.000'),(2391,422,417,'8c321ecf-502d-4462-b44b-0cfc8f367bc6','d9f7a948-4288-4a76-a431-cd7a2b198fe3',_binary '\0','2019-09-27 14:57:46.000','2020-02-24 17:21:58.000'),(2392,462,456,'8c321ecf-502d-4462-b44b-0cfc8f367bc6','d9f7a948-4288-4a76-a431-cd7a2b198fe3',_binary '\0','2019-09-27 14:57:46.000','2020-02-24 17:21:58.000'),(2393,578,573,'8c321ecf-502d-4462-b44b-0cfc8f367bc6','d9f7a948-4288-4a76-a431-cd7a2b198fe3',_binary '\0','2019-09-27 14:57:46.000','2020-02-24 17:21:58.000'),(2394,672,664,'8c321ecf-502d-4462-b44b-0cfc8f367bc6','d9f7a948-4288-4a76-a431-cd7a2b198fe3',_binary '\0','2019-09-27 14:57:46.000','2020-02-24 17:21:58.000'),(2395,9,7,'3456-4562','d9f7a948-4288-4a76-a431-cd7a2b198fe3',_binary '\0','2019-09-27 14:57:46.000','2020-02-24 17:21:58.000'),(2396,194,187,'3456-4562','d9f7a948-4288-4a76-a431-cd7a2b198fe3',_binary '\0','2019-09-27 14:57:46.000','2020-02-24 17:21:58.000'),(2522,6,1,'8c321ecf-502d-4462-b44b-0cfc8f367bc6','014aac6f-e1e4-4885-abc5-842a2ccd8ac0',_binary '','2019-10-17 09:05:07.000','2020-02-24 17:22:13.000'),(2523,110,75,'a4942766-9415-41db-9702-2bbd07e58d48','014aac6f-e1e4-4885-abc5-842a2ccd8ac0',_binary '','2019-10-17 09:05:07.000','2020-02-24 17:22:13.000'),(2524,243,241,'8c321ecf-502d-4462-b44b-0cfc8f367bc6','014aac6f-e1e4-4885-abc5-842a2ccd8ac0',_binary '','2019-10-17 09:05:07.000','2020-02-24 17:22:13.000'),(2525,302,292,'8c321ecf-502d-4462-b44b-0cfc8f367bc6','014aac6f-e1e4-4885-abc5-842a2ccd8ac0',_binary '','2019-10-17 09:05:07.000','2020-02-24 17:22:13.000'),(2526,342,335,'8c321ecf-502d-4462-b44b-0cfc8f367bc6','014aac6f-e1e4-4885-abc5-842a2ccd8ac0',_binary '','2019-10-17 09:05:07.000','2020-02-24 17:22:13.000'),(2527,358,354,'8c321ecf-502d-4462-b44b-0cfc8f367bc6','014aac6f-e1e4-4885-abc5-842a2ccd8ac0',_binary '','2019-10-17 09:05:07.000','2020-02-24 17:22:13.000'),(2528,448,435,'a4942766-9415-41db-9702-2bbd07e58d48','014aac6f-e1e4-4885-abc5-842a2ccd8ac0',_binary '','2019-10-17 09:05:07.000','2020-02-24 17:22:13.000'),(2529,475,473,'8c321ecf-502d-4462-b44b-0cfc8f367bc6','014aac6f-e1e4-4885-abc5-842a2ccd8ac0',_binary '','2019-10-17 09:05:07.000','2020-02-24 17:22:13.000'),(2530,512,509,'8c321ecf-502d-4462-b44b-0cfc8f367bc6','014aac6f-e1e4-4885-abc5-842a2ccd8ac0',_binary '','2019-10-17 09:05:07.000','2020-02-24 17:22:13.000'),(2531,635,610,'a4942766-9415-41db-9702-2bbd07e58d48','014aac6f-e1e4-4885-abc5-842a2ccd8ac0',_binary '','2019-10-17 09:05:07.000','2020-02-24 17:22:13.000'),(2532,762,750,'8c321ecf-502d-4462-b44b-0cfc8f367bc6','014aac6f-e1e4-4885-abc5-842a2ccd8ac0',_binary '','2019-10-17 09:05:07.000','2020-02-24 17:22:13.000'),(2533,39,31,'a4942766-9415-41db-9702-2bbd07e58d48','ea4d0b0e-4858-4f8d-9a8e-c8b169bdba00',_binary '','2019-10-17 08:58:03.000','2020-02-24 17:22:13.000'),(2534,49,47,'8c321ecf-502d-4462-b44b-0cfc8f367bc6','9cc22f00-c52e-4c8a-bc6f-5c24cfff1213',_binary '','2019-10-17 09:22:37.000','2020-02-24 17:22:12.000'),(2535,194,166,'a4942766-9415-41db-9702-2bbd07e58d48','9cc22f00-c52e-4c8a-bc6f-5c24cfff1213',_binary '','2019-10-17 09:22:37.000','2020-02-24 17:22:12.000'),(2536,220,215,'8c321ecf-502d-4462-b44b-0cfc8f367bc6','9cc22f00-c52e-4c8a-bc6f-5c24cfff1213',_binary '\0','2019-10-17 09:22:37.000','2020-02-24 17:22:12.000'),(2537,234,228,'8c321ecf-502d-4462-b44b-0cfc8f367bc6','9cc22f00-c52e-4c8a-bc6f-5c24cfff1213',_binary '','2019-10-17 09:22:37.000','2020-02-24 17:22:12.000'),(2538,260,248,'8c321ecf-502d-4462-b44b-0cfc8f367bc6','9cc22f00-c52e-4c8a-bc6f-5c24cfff1213',_binary '','2019-10-17 09:22:37.000','2020-02-24 17:22:12.000'),(2539,433,430,'8c321ecf-502d-4462-b44b-0cfc8f367bc6','9cc22f00-c52e-4c8a-bc6f-5c24cfff1213',_binary '\0','2019-10-17 09:22:37.000','2020-02-24 17:22:12.000'),(2540,475,474,'8c321ecf-502d-4462-b44b-0cfc8f367bc6','9cc22f00-c52e-4c8a-bc6f-5c24cfff1213',_binary '','2019-10-17 09:22:37.000','2020-02-24 17:22:12.000'),(2541,502,499,'8c321ecf-502d-4462-b44b-0cfc8f367bc6','9cc22f00-c52e-4c8a-bc6f-5c24cfff1213',_binary '\0','2019-10-17 09:22:37.000','2020-02-24 17:22:12.000'),(2542,510,508,'8c321ecf-502d-4462-b44b-0cfc8f367bc6','9cc22f00-c52e-4c8a-bc6f-5c24cfff1213',_binary '\0','2019-10-17 09:22:37.000','2020-02-24 17:22:12.000'),(2543,645,624,'8c321ecf-502d-4462-b44b-0cfc8f367bc6','9cc22f00-c52e-4c8a-bc6f-5c24cfff1213',_binary '','2019-10-17 09:22:37.000','2020-02-24 17:22:12.000'),(2544,672,648,'a4942766-9415-41db-9702-2bbd07e58d48','9cc22f00-c52e-4c8a-bc6f-5c24cfff1213',_binary '','2019-10-17 09:22:37.000','2020-02-24 17:22:12.000'),(2545,714,712,'8c321ecf-502d-4462-b44b-0cfc8f367bc6','9cc22f00-c52e-4c8a-bc6f-5c24cfff1213',_binary '','2019-10-17 09:22:37.000','2020-02-24 17:22:12.000'),(2546,729,723,'8c321ecf-502d-4462-b44b-0cfc8f367bc6','9cc22f00-c52e-4c8a-bc6f-5c24cfff1213',_binary '\0','2019-10-17 09:22:37.000','2020-02-24 17:22:12.000'),(2547,769,760,'a4942766-9415-41db-9702-2bbd07e58d48','9cc22f00-c52e-4c8a-bc6f-5c24cfff1213',_binary '\0','2019-10-17 09:22:37.000','2020-02-24 17:22:12.000'),(2563,30,23,'a4942766-9415-41db-9702-2bbd07e58d48','236db5ee-9922-4b5c-bb41-81d924020714',_binary '\0','2019-10-18 10:38:13.000','2020-02-24 17:22:01.000'),(2564,96,95,'8c321ecf-502d-4462-b44b-0cfc8f367bc6','236db5ee-9922-4b5c-bb41-81d924020714',_binary '\0','2019-10-18 10:38:13.000','2020-02-24 17:22:01.000'),(2565,103,101,'8c321ecf-502d-4462-b44b-0cfc8f367bc6','236db5ee-9922-4b5c-bb41-81d924020714',_binary '\0','2019-10-18 10:38:13.000','2020-02-24 17:22:01.000'),(2566,122,121,'a4942766-9415-41db-9702-2bbd07e58d48','236db5ee-9922-4b5c-bb41-81d924020714',_binary '\0','2019-10-18 10:38:13.000','2020-02-24 17:22:01.000'),(2567,144,128,'a4942766-9415-41db-9702-2bbd07e58d48','236db5ee-9922-4b5c-bb41-81d924020714',_binary '\0','2019-10-18 10:38:13.000','2020-02-24 17:22:01.000'),(2568,207,180,'a4942766-9415-41db-9702-2bbd07e58d48','236db5ee-9922-4b5c-bb41-81d924020714',_binary '\0','2019-10-18 10:38:13.000','2020-02-24 17:22:01.000'),(2569,364,291,'a4942766-9415-41db-9702-2bbd07e58d48','236db5ee-9922-4b5c-bb41-81d924020714',_binary '\0','2019-10-18 10:38:13.000','2020-02-24 17:22:01.000'),(2570,436,416,'a4942766-9415-41db-9702-2bbd07e58d48','236db5ee-9922-4b5c-bb41-81d924020714',_binary '\0','2019-10-18 10:38:13.000','2020-02-24 17:22:01.000'),(2571,606,593,'a4942766-9415-41db-9702-2bbd07e58d48','236db5ee-9922-4b5c-bb41-81d924020714',_binary '\0','2019-10-18 10:38:13.000','2020-02-24 17:22:01.000'),(2572,795,734,'a4942766-9415-41db-9702-2bbd07e58d48','236db5ee-9922-4b5c-bb41-81d924020714',_binary '\0','2019-10-18 10:38:13.000','2020-02-24 17:22:01.000'),(2573,46,24,'a4942766-9415-41db-9702-2bbd07e58d48','142cbdd4-215f-4bc5-aead-e380996947c9',_binary '\0','2019-10-18 12:31:54.000','2020-02-24 17:22:01.000'),(2574,248,219,'a4942766-9415-41db-9702-2bbd07e58d48','142cbdd4-215f-4bc5-aead-e380996947c9',_binary '\0','2019-10-18 12:31:54.000','2020-02-24 17:22:01.000'),(2575,304,294,'a4942766-9415-41db-9702-2bbd07e58d48','142cbdd4-215f-4bc5-aead-e380996947c9',_binary '\0','2019-10-18 12:31:54.000','2020-02-24 17:22:01.000'),(2576,408,381,'a4942766-9415-41db-9702-2bbd07e58d48','142cbdd4-215f-4bc5-aead-e380996947c9',_binary '\0','2019-10-18 12:31:54.000','2020-02-24 17:22:01.000'),(2577,460,456,'a4942766-9415-41db-9702-2bbd07e58d48','142cbdd4-215f-4bc5-aead-e380996947c9',_binary '\0','2019-10-18 12:31:54.000','2020-02-24 17:22:01.000'),(2578,12,11,'3456-4562','236db5ee-9922-4b5c-bb41-81d924020714',_binary '\0','2019-10-18 10:38:13.000','2020-02-24 17:22:01.000'),(2581,574,570,'3456-4562','9cc22f00-c52e-4c8a-bc6f-5c24cfff1213',_binary '','2019-10-17 09:22:37.000','2020-02-24 17:22:12.000'),(2582,741,739,'3456-4562','9cc22f00-c52e-4c8a-bc6f-5c24cfff1213',_binary '\0','2019-10-17 09:22:37.000','2020-02-24 17:22:12.000'),(2646,137,135,'3456-4562','44012457-6f83-47ac-a8e1-e9430dcd93c8',_binary '','2020-02-24 10:22:03.000','2020-02-24 17:22:15.000'),(2647,174,171,'a4942766-9415-41db-9702-2bbd07e58d48','44012457-6f83-47ac-a8e1-e9430dcd93c8',_binary '','2020-02-24 10:22:03.000','2020-02-24 17:22:15.000'),(2648,272,269,'3456-4562','44012457-6f83-47ac-a8e1-e9430dcd93c8',_binary '','2020-02-24 10:22:03.000','2020-02-24 17:22:15.000'),(2649,320,297,'a4942766-9415-41db-9702-2bbd07e58d48','44012457-6f83-47ac-a8e1-e9430dcd93c8',_binary '','2020-02-24 10:22:03.000','2020-02-24 17:22:15.000'),(2650,523,522,'3456-4562','44012457-6f83-47ac-a8e1-e9430dcd93c8',_binary '','2020-02-24 10:22:03.000','2020-02-24 17:22:15.000'),(2651,570,550,'a4942766-9415-41db-9702-2bbd07e58d48','44012457-6f83-47ac-a8e1-e9430dcd93c8',_binary '','2020-02-24 10:22:03.000','2020-02-24 17:22:15.000'),(2652,700,694,'8c321ecf-502d-4462-b44b-0cfc8f367bc6','44012457-6f83-47ac-a8e1-e9430dcd93c8',_binary '','2020-02-24 10:22:03.000','2020-02-24 17:22:15.000'),(2653,197,146,'a4942766-9415-41db-9702-2bbd07e58d48','43e8589e-a7aa-414f-bab0-9acf4248cb56',_binary '','2020-02-24 10:22:02.000','2020-02-24 17:22:15.000'),(2654,226,225,'a4942766-9415-41db-9702-2bbd07e58d48','43e8589e-a7aa-414f-bab0-9acf4248cb56',_binary '','2020-02-24 10:22:02.000','2020-02-24 17:22:15.000'),(2655,240,230,'a4942766-9415-41db-9702-2bbd07e58d48','43e8589e-a7aa-414f-bab0-9acf4248cb56',_binary '','2020-02-24 10:22:02.000','2020-02-24 17:22:15.000'),(2656,390,378,'a4942766-9415-41db-9702-2bbd07e58d48','43e8589e-a7aa-414f-bab0-9acf4248cb56',_binary '','2020-02-24 10:22:02.000','2020-02-24 17:22:15.000'),(2657,435,420,'a4942766-9415-41db-9702-2bbd07e58d48','43e8589e-a7aa-414f-bab0-9acf4248cb56',_binary '','2020-02-24 10:22:02.000','2020-02-24 17:22:15.000'),(2658,452,444,'a4942766-9415-41db-9702-2bbd07e58d48','43e8589e-a7aa-414f-bab0-9acf4248cb56',_binary '','2020-02-24 10:22:02.000','2020-02-24 17:22:15.000'),(2659,519,497,'a4942766-9415-41db-9702-2bbd07e58d48','43e8589e-a7aa-414f-bab0-9acf4248cb56',_binary '','2020-02-24 10:22:02.000','2020-02-24 17:22:15.000'),(2660,608,598,'a4942766-9415-41db-9702-2bbd07e58d48','43e8589e-a7aa-414f-bab0-9acf4248cb56',_binary '','2020-02-24 10:22:02.000','2020-02-24 17:22:15.000'),(2661,294,287,'3456-4562','43e8589e-a7aa-414f-bab0-9acf4248cb56',_binary '','2020-02-24 10:22:02.000','2020-02-24 17:22:15.000'),(2662,326,323,'3456-4562','43e8589e-a7aa-414f-bab0-9acf4248cb56',_binary '','2020-02-24 10:22:02.000','2020-02-24 17:22:15.000');
/*!40000 ALTER TABLE `videomodification` ENABLE KEYS */;
UNLOCK TABLES;
/*!40103 SET TIME_ZONE=@OLD_TIME_ZONE */;

/*!40101 SET SQL_MODE=@OLD_SQL_MODE */;
/*!40014 SET FOREIGN_KEY_CHECKS=@OLD_FOREIGN_KEY_CHECKS */;
/*!40014 SET UNIQUE_CHECKS=@OLD_UNIQUE_CHECKS */;
/*!40101 SET CHARACTER_SET_CLIENT=@OLD_CHARACTER_SET_CLIENT */;
/*!40101 SET CHARACTER_SET_RESULTS=@OLD_CHARACTER_SET_RESULTS */;
/*!40101 SET COLLATION_CONNECTION=@OLD_COLLATION_CONNECTION */;
/*!40111 SET SQL_NOTES=@OLD_SQL_NOTES */;

-- Dump completed on 2020-06-04 21:24:07
